Date,MKT_RF,SMB,HML,MOM,RF,cfnai,cpi_yoy,real_ff,ff_nominal,cpi_dir,cpi_med,curve,vix,indpro_yoy,usrec
1967-06,0.0242,0.058499999999999996,0.008,0.0601,0.0027,-0.30333333333333334,0.023183925811437467,0.016616074188562535,0.0398,-0.005494378427964186,0.014137931034482687,,,0.010855137446869279,0.0
1967-07,0.0458,0.0317,0.0275,-0.011000000000000001,0.0032,-0.17333333333333334,0.028412600370598895,0.009487399629401108,0.0379,0.0029309347397723506,0.014379404143558872,,,0.005987172004889629,0.0
1967-08,-0.009000000000000001,0.0043,0.0143,-0.0132,0.0031,-0.28,0.029275808936825687,0.009724191063174313,0.039,0.0038730827906050536,0.014620877252635056,,,-0.0017673150672272708,0.0
1967-09,0.031,0.0304,-0.024700000000000003,0.0239,0.0032,0.25333333333333335,0.026033690658499253,0.013866309341500752,0.039900000000000005,0.0028497648470617865,0.014620877252635056,,,0.016568702983924544,0.0
1967-10,-0.0308,0.0147,-0.0329,0.0368,0.0039000000000000003,0.2233333333333333,0.025954198473282508,0.012845801526717493,0.0388,-0.002458401897316387,0.014620877252635056,,,0.005540482976880146,0.0
1967-11,0.0037,0.0018,-0.0171,0.012199999999999999,0.0036,0.34,0.025875190258751957,0.01542480974124804,0.041299999999999996,-0.00340061867807373,0.014635821931257897,,,0.006754454703417068,0.0
1967-12,0.0305,0.0562,-0.0054,0.032,0.0033,0.4466666666666667,0.0310218978102188,0.0140781021897812,0.0451,0.004988207151719548,0.014650766609880739,,,0.028231385868011438,0.0
1968-01,-0.0403,0.039900000000000005,0.048499999999999995,-0.044500000000000005,0.004,0.8000000000000002,0.03280680437424044,0.013293195625759563,0.0461,0.006852605900957931,0.014663608788596183,,,0.036908578534837755,0.0
1968-02,-0.0374,-0.0294,0.0123,-0.0334,0.0039000000000000003,0.6366666666666666,0.03647416413373872,0.010625835866261285,0.0471,0.010598973874986761,0.014676450967311627,,,0.030929737402413116,0.0
1968-03,0.0021,-0.013000000000000001,-0.0063,0.0319,0.0038,0.32666666666666666,0.036363636363636376,0.01413636363636362,0.050499999999999996,0.005341738553417574,0.014706285798940288,,,0.04649179480553056,0.0
1968-04,0.0902,0.056600000000000004,-0.011000000000000001,0.051100000000000007,0.0043,0.12,0.039393939393939315,0.018206060606060684,0.0576,0.006587135019698875,0.01473612063056895,,,0.05571020988067876,0.0
1968-05,0.022799999999999997,0.0629,0.008199999999999999,0.0375,0.0045000000000000005,0.3166666666666667,0.0392749244712991,0.021925075528700905,0.061200000000000004,0.002800760337560382,0.014889684986213347,,,0.04735980867266654,0.0
1968-06,0.006999999999999999,-0.0019,0.0066,-0.0209,0.0043,0.39666666666666667,0.04229607250755274,0.018403927492447264,0.060700000000000004,0.005932436143916364,0.015043249341857745,,,0.06843132048899303,0.0
1968-07,-0.0269,-0.0128,0.053099999999999994,-0.0089,0.0048,0.3566666666666667,0.042042042042042205,0.018257957957957795,0.0603,0.00264810264810289,0.01511568749453951,,,0.07248928463192517,0.0
1968-08,0.013500000000000002,0.0242,0.009899999999999999,0.019,0.0042,0.39333333333333337,0.04491017964071853,0.015389820359281471,0.0603,0.005635255169419429,0.015188125647221273,,,0.07328828151216737,0.0
1968-09,0.0405,0.0274,0.003,-0.0064,0.0043,0.17666666666666667,0.04477611940298498,0.013023880597015022,0.057800000000000004,0.002480046895432242,0.015188125647221273,,,0.05604898112114998,0.0
1968-10,0.0043,-0.005,0.0282,-0.0146,0.0044,0.25,0.044642857142857206,0.014457142857142793,0.0591,0.0026008151008150016,0.015188125647221273,,,0.0617723404799746,0.0
1968-11,0.054299999999999994,0.023399999999999997,-0.0096,0.0174,0.0042,0.3566666666666667,0.047477744807121525,0.010722255192878477,0.0582,0.0025675651664029964,0.015203886414063783,,,0.05528905132956008,0.0
1968-12,-0.0393,0.0336,0.0004,0.0034000000000000002,0.0043,0.6233333333333334,0.04424778761061954,0.01595221238938046,0.0602,-0.000528331792365444,0.015219647180906293,,,0.0538643118697224,0.0
1969-01,-0.0125,-0.0063,0.0166,-0.0014000000000000002,0.0053,0.4633333333333333,0.04705882352941182,0.01594117647058818,0.063,0.0024159663865546133,0.01531221624859802,,,0.04592942652172005,0.0
1969-02,-0.058600000000000006,-0.039599999999999996,0.0089,-0.0252,0.0046,0.38999999999999996,0.04692082111436946,0.019179178885630546,0.0661,-0.0005569236927520649,0.015404785316289749,,,0.05338914207823331,0.0
1969-03,0.026600000000000002,-0.003,-0.0042,0.0406,0.0046,0.2866666666666667,0.04678362573099393,0.021116374269006075,0.0679,0.0025358381203743896,0.015412366411425737,,,0.056345796085016664,0.0
1969-04,0.0146,-0.008100000000000001,0.0002,0.0124,0.0053,0.4533333333333333,0.05247813411078739,0.02162186588921261,0.0741,0.005419310581375569,0.015419947506561726,,,0.061315593680248526,0.0
1969-05,-0.0009,-0.0032,0.0062,0.0177,0.0048,0.35666666666666663,0.05523255813953476,0.03146744186046524,0.0867,0.0083117370251653,0.015470872035975747,,,0.05588438542198726,0.0
1969-06,-0.0719,-0.053399999999999996,-0.011000000000000001,-0.0231,0.0051,0.18333333333333332,0.05507246376811592,0.03392753623188409,0.08900000000000001,0.008288838037121993,0.015521796565389767,,,0.04022203014423864,0.0
1969-07,-0.07,-0.032400000000000005,0.0118,0.0181,0.0053,0.13999999999999996,0.054755043227665556,0.03134495677233444,0.0861,0.0022769091168781674,0.015537205364097972,,,0.046541794499165734,0.0
1969-08,0.046900000000000004,0.008100000000000001,-0.0375,0.021400000000000002,0.005,0.18333333333333326,0.054441260744985565,0.03745873925501443,0.0919,-0.0007912973945491952,0.015552614162806178,,,0.05368318913236836,0.0
1969-09,-0.0297,0.0123,-0.0322,0.024300000000000002,0.0062,0.3366666666666666,0.05428571428571427,0.03721428571428573,0.0915,-0.0007867494824016497,0.015582214254398874,,,0.05316561168675826,0.0
1969-10,0.0506,0.0392,-0.031200000000000002,-0.0436,0.006,0.17999999999999997,0.056980056980056926,0.03301994301994307,0.09,0.0022250137523913693,0.01561181434599157,,,0.04895649798904289,0.0
1969-11,-0.038,-0.0255,-0.0125,0.036699999999999997,0.0052,0.18666666666666665,0.056657223796034106,0.03184277620396589,0.0885,0.0022159630510485417,0.015807269106941968,,,0.04718382879560434,0.0
1969-12,-0.0263,-0.0368,-0.0288,0.0527,0.0064,-0.2333333333333334,0.05932203389830515,0.030377966101694853,0.0897,0.005036319612590878,0.016002723867892366,,,0.024066315600629107,0.0
1970-01,-0.081,0.0291,0.0317,0.0058,0.006,-0.2800000000000001,0.0589887640449438,0.030811235955056207,0.0898,0.002008707064886872,0.016052891724606444,,,0.018102058474672056,1.0
1970-02,0.051399999999999994,-0.0239,0.0369,0.0027,0.0062,-0.8000000000000002,0.06162464985994376,0.028175350140056246,0.0898,0.004967426063909652,0.016103059581320522,,,-0.006757586927141013,1.0
1970-03,-0.0106,-0.0231,0.0408,-0.0037,0.005699999999999999,-0.5800000000000001,0.06424581005586605,0.013354189944133954,0.0776,0.0049237761575609,0.016121252192209612,,,-0.01372275514895549,1.0
1970-04,-0.1099,-0.061399999999999996,0.061399999999999996,-0.0083,0.005,-0.6933333333333334,0.06094182825484751,0.020058171745152495,0.081,0.0019530642099037099,0.0161394448030987,,,-0.022667525773195862,1.0
1970-05,-0.069,-0.0461,0.0332,-0.026600000000000002,0.0053,-0.47333333333333333,0.060606060606060774,0.018893939393939227,0.0795,-0.0010185892538829844,0.0162826001939278,,,-0.021581952179795305,1.0
1970-06,-0.057999999999999996,-0.0208,0.0044,0.056299999999999996,0.0058,-0.53,0.06043956043956045,0.015660439560439554,0.0761,-0.0038062496163056014,0.016425755584756896,,,-0.019012700234477875,1.0
1970-07,0.0692,-0.0055000000000000005,0.009300000000000001,-0.031200000000000002,0.0052,-0.43,0.060109289617486183,0.011990710382513814,0.0721,-0.0008325386373613242,0.01644197588322771,,,-0.03164778308655247,1.0
1970-08,0.045,0.0148,0.0141,-0.0668,0.0053,-0.19666666666666668,0.057065217391304435,0.00913478260869556,0.0662,-0.0035408432147563396,0.016458196181698526,,,-0.03436958818398328,1.0
1970-09,0.0418,0.0861,-0.0541,-0.0864,0.0054,-0.27666666666666667,0.05691056910569103,0.005989430894308964,0.0629,-0.0035289913338694134,0.016465713590662068,,,-0.038300261596375784,1.0
1970-10,-0.0227,-0.0417,0.0021,0.0946,0.0046,-0.4000000000000001,0.05660377358490565,0.005396226415094352,0.062,-0.0035055160325805357,0.01647323099962561,,,-0.04471367269366944,1.0
1970-11,0.0462,-0.0397,0.0158,0.026000000000000002,0.0046,-1.0033333333333334,0.05630026809651478,-0.0003002680965147886,0.055999999999999994,-0.0007649492947896519,0.016752039664337137,,,-0.06409817992507383,1.0
1970-12,0.0574,0.0282,0.0104,-0.023,0.0042,-1.1600000000000001,0.05600000000000005,-0.007000000000000048,0.049,-0.0009105691056909837,0.017030848329048665,,,-0.06091333941333177,0.0
1971-01,0.0483,0.0728,0.0155,-0.06860000000000001,0.0038,-0.39333333333333337,0.055702917771883076,-0.014302917771883077,0.0414,-0.0009008558130225719,0.017103538214678915,,,-0.03676159084098818,0.0
1971-02,0.0141,0.018600000000000002,-0.0124,0.0083,0.0033,0.3999999999999999,0.05277044854881274,-0.015570448548812739,0.037200000000000004,-0.00352981954770204,0.017176228100309165,,,-0.011040984555781286,0.0
1971-03,0.0412,0.026000000000000002,-0.0395,-0.0139,0.003,0.7433333333333332,0.04724409448818889,-0.010144094488188891,0.0371,-0.008755905511811157,0.017239187424073155,,,-0.012275545301792423,0.0
1971-04,0.0315,-0.0049,0.0086,0.0134,0.0028000000000000004,0.1733333333333333,0.044386422976501416,-0.002786422976501418,0.0416,-0.01131649479538166,0.017302146747837144,,,-0.012062077240542757,0.0
1971-05,-0.039900000000000005,-0.0104,-0.013300000000000001,0.009399999999999999,0.0029,0.13999999999999999,0.04155844155844157,0.004741558441558429,0.0463,-0.01121200699037117,0.017338332061177297,,,-0.003952621420828639,0.0
1971-06,-0.0009,-0.015300000000000001,-0.0197,0.0268,0.0037,0.29,0.04404145077720201,0.005058549222797998,0.049100000000000005,-0.0032026437109868855,0.01737451737451745,,,0.002268462025098783,0.0
1971-07,-0.0449,-0.0151,-0.0002,-0.0232,0.004,0.44333333333333336,0.04381443298969079,0.009285567010309206,0.053099999999999994,-0.0005719899868106282,0.01741066294257787,,,0.009737974915486447,0.0
1971-08,0.0379,-0.0022,0.0264,0.0344,0.004699999999999999,0.24333333333333332,0.04370179948586128,0.011998200514138718,0.0557,0.002143357927419709,0.01744680851063829,,,0.004344474437801171,0.0
1971-09,-0.0086,0.005,-0.028999999999999998,0.021,0.0037,0.07666666666666666,0.04358974358974366,0.011910256410256344,0.0555,-0.00045170718745835003,0.017504577420053957,,,0.00029722571639356765,0.0
1971-10,-0.044199999999999996,-0.0175,-0.0051,0.005,0.0037,0.28,0.04081632653061207,0.011183673469387936,0.052000000000000005,-0.00299810645907872,0.017562346329469625,,,0.0236090438537655,0.0
1971-11,-0.0046,-0.0277,-0.0167,0.0151,0.0037,0.47000000000000003,0.038071065989847774,0.01102893401015223,0.049100000000000005,-0.005630733496013507,0.017807607723084207,,,0.05232388509414165,0.0
1971-12,0.08710000000000001,0.0329,-0.0038,-0.0062,0.0037,0.7066666666666667,0.03535353535353525,0.006046464646464751,0.0414,-0.008236208236208409,0.01805286911669879,,,0.06322665247425352,0.0
1972-01,0.024700000000000003,0.0584,0.0212,0.0007000000000000001,0.0029,0.6533333333333333,0.03266331658291466,0.0024366834170853405,0.0351,-0.00815300994769741,0.01815177891096653,,,0.05135631629054527,0.0
1972-02,0.0287,0.0132,-0.028300000000000002,0.0253,0.0025,0.9900000000000001,0.03258145363408538,0.0004185463659146238,0.033,-0.005489612355762397,0.018250688705234275,,,0.0682762346541479,0.0
1972-03,0.0062,-0.0029,-0.0161,0.0294,0.0027,0.9033333333333333,0.03759398496240607,0.0007060150375939322,0.0383,0.0022404496088708203,0.01835966524526822,,,0.08111732975679731,0.0
1972-04,0.0029,0.0016,0.0003,0.0279,0.0029,0.9666666666666668,0.03499999999999992,0.006700000000000081,0.0417,0.0023366834170852613,0.018468641785302164,,,0.08977367062522879,0.0
1972-05,0.0129,-0.0271,-0.027200000000000002,0.0333,0.003,0.7366666666666667,0.034912718204488824,0.007787281795511171,0.042699999999999995,0.0023312645704034463,0.018545307857269377,,,0.09453063824704366,0.0
1972-06,-0.024300000000000002,0.0028000000000000004,-0.0246,0.019,0.0029,0.7766666666666667,0.032258064516129226,0.012341935483870775,0.0446,-0.005335920446276843,0.01862197392923659,,,0.08915715470386565,0.0
1972-07,-0.008,-0.028999999999999998,0.006,0.0268,0.0031,0.6,0.029629629629629672,0.015870370370370326,0.0455,-0.005370370370370248,0.018814682846350017,,,0.08748034105314084,0.0
1972-08,0.0327,-0.039900000000000005,0.045599999999999995,-0.0536,0.0029,0.33,0.029556650246305383,0.018543349753694614,0.0481,-0.005356067958183441,0.019007391763463444,,,0.08942555475548031,0.0
1972-09,-0.011399999999999999,-0.026600000000000002,0.0049,0.0182,0.0034000000000000002,0.6666666666666666,0.029484029484029284,0.019215970515970716,0.0487,-0.002774035032099942,0.019094488720606373,,,0.11105510306953548,0.0
1972-10,0.0052,-0.0273,0.012199999999999999,0.006999999999999999,0.004,0.7966666666666667,0.031862745098039325,0.018637254901960672,0.050499999999999996,0.002233115468409652,0.019181585677749302,,,0.1020111941857067,0.0
1972-11,0.046,-0.0118,0.048799999999999996,-0.0508,0.0037,1.2766666666666666,0.03178484107579482,0.018815158924205176,0.0506,0.0022281908294894404,0.019190792838874704,,,0.10771550875301883,0.0
1972-12,0.0062,-0.0195,-0.0218,0.0495,0.0037,1.2066666666666668,0.034146341463414664,0.019153658536585336,0.0533,0.004662311979385381,0.019200000000000106,,,0.11607721107128932,0.0
1973-01,-0.0327,-0.0349,0.027000000000000003,0.0381,0.0044,1.3133333333333332,0.03406326034063256,0.02533673965936744,0.0594,0.0022005152425932373,0.019261835748792255,,,0.11563253280957064,0.0
1973-02,-0.048499999999999995,-0.038900000000000004,0.016399999999999998,0.0222,0.0042,1.2133333333333334,0.03640776699029136,0.02939223300970864,0.0658,0.004622925914496534,0.019323671497584405,,,0.09745944276147966,0.0
1973-03,-0.013000000000000001,-0.0278,0.025699999999999997,0.0355,0.0046,1.1933333333333334,0.03864734299516903,0.03225265700483097,0.0709,0.004501001531754367,0.019336134362142654,,,0.10202757862077294,0.0
1973-04,-0.056799999999999996,-0.0384,0.053899999999999997,0.0635,0.0052,0.9433333333333334,0.048309178743961345,0.022890821256038654,0.0712,0.014245918403328783,0.019348597226700903,,,0.09499268853655618,0.0
1973-05,-0.0297,-0.06269999999999999,0.0038,0.0719,0.0051,0.61,0.053012048192771166,0.02538795180722883,0.0784,0.01660428120247981,0.019527467083211403,,,0.08254920601045712,0.0
1973-06,-0.015700000000000002,-0.028399999999999998,0.011399999999999999,0.0431,0.0051,0.3499999999999999,0.05528846153846145,0.02961153846153855,0.0849,0.01664111854329242,0.019706336939721902,,,0.0897758271601945,0.0
1973-07,0.0504,0.07919999999999999,-0.0526,-0.1167,0.0064,0.26999999999999996,0.05995203836930463,0.04404796163069538,0.10400000000000001,0.011642859625343283,0.019756008529651647,,,0.08836339804158211,0.0
1973-08,-0.0382,-0.02,0.0103,0.0359,0.006999999999999999,0.4166666666666667,0.05741626794258381,0.047583732057416187,0.105,0.004404219749812643,0.019805680119581393,,,0.09345697095887773,0.0
1973-09,0.047400000000000005,0.029300000000000003,0.0222,-0.0698,0.0068000000000000005,0.13333333333333333,0.07398568019093088,0.03381431980906911,0.10779999999999999,0.018697218652469427,0.020032809478750968,,,0.07695742496239166,0.0
1973-10,-0.0083,-0.0021,0.0166,0.0678,0.006500000000000001,0.2733333333333334,0.07363420427553447,0.02646579572446553,0.1001,0.013682165906229837,0.020259938837920544,,,0.07697118436887052,0.0
1973-11,-0.1278,-0.07719999999999999,0.0409,0.0892,0.005600000000000001,0.46,0.08056872037914697,0.019731279620853026,0.1003,0.023152452436563165,0.0205466360856269,,,0.07245949650755334,0.0
1973-12,0.0059,-0.054000000000000006,0.0401,0.1016,0.0064,0.8566666666666666,0.08254716981132071,0.016952830188679283,0.09949999999999999,0.008561489620389828,0.02083333333333326,,,0.06474425959662278,1.0
1974-01,-0.0016,0.0968,0.059500000000000004,-0.0892,0.0063,0.5033333333333333,0.0894117647058823,0.007088235294117701,0.0965,0.015777560430347837,0.02083333333333326,,,0.04998776770995539,1.0
1974-02,-0.0046,0.0,0.024700000000000003,0.0037,0.0058,0.06666666666666664,0.09601873536299754,-0.006318735362997541,0.0897,0.015450014983850568,0.02083333333333326,,,0.03558222046675685,1.0
1974-03,-0.0282,0.025,-0.0014000000000000002,-0.01,0.005600000000000001,-0.29333333333333333,0.09999999999999987,-0.006499999999999867,0.0935,0.017452830188679158,0.02083333333333326,,,0.01775183684065662,1.0
1974-04,-0.0528,-0.0068000000000000005,0.0092,0.0206,0.0075,-0.13333333333333333,0.10138248847926268,0.003717511520737321,0.1051,0.011970723773380376,0.02083333333333326,,,0.01729579796217373,1.0
1974-05,-0.047,-0.029300000000000003,-0.0208,-0.0029,0.0075,-0.17999999999999997,0.10068649885583514,0.012413501144164868,0.1131,0.0046677634928375955,0.020965189873417667,,,0.015824833608505617,1.0
1974-06,-0.028399999999999998,-0.0024,0.0083,0.0232,0.006,0.07000000000000002,0.1070615034168565,0.012238496583143507,0.1193,0.007061503416856629,0.021097046413502074,,,0.016943721922706434,1.0
1974-07,-0.0806,0.0078000000000000005,0.0516,0.03,0.006999999999999999,-0.05333333333333331,0.10859728506787314,0.02060271493212687,0.1292,0.0072147965886104615,0.021588942368427677,,,0.013783372404368555,1.0
1974-08,-0.09390000000000001,-0.0069,0.026099999999999998,0.030299999999999997,0.006,-0.023333333333333317,0.1153846153846152,0.004715384615384802,0.1201,0.014698116528780059,0.02208083832335328,,,0.012366153273875247,1.0
1974-09,-0.11789999999999999,0.0027,0.054299999999999994,0.0424,0.008100000000000001,-0.43,0.10888888888888881,0.004511111111111188,0.1134,0.0018273854720323168,0.022267674291370776,,,0.002986570410559164,1.0
1974-10,0.1611,-0.034300000000000004,-0.09910000000000001,-0.0052,0.0051,-0.62,0.11946902654867242,-0.01886902654867241,0.10060000000000001,0.01087174148079928,0.02245451025938827,,,-0.004968941366931823,1.0
1974-11,-0.0453,-0.011699999999999999,-0.0025,0.022000000000000002,0.0054,-0.8966666666666666,0.11842105263157898,-0.023921052631578996,0.09449999999999999,0.0030364372469637857,0.02275241840284048,,,-0.016003228128339875,1.0
1974-12,-0.0344,-0.047400000000000005,0.0012,0.0298,0.006999999999999999,-1.4799999999999998,0.12200435729847503,-0.03670435729847504,0.08529999999999999,0.013115468409586217,0.023050326546292688,,,-0.052708374497614896,1.0
1975-01,0.1367,0.1106,0.08259999999999999,-0.138,0.0058,-2.313333333333333,0.12095032397408212,-0.04965032397408212,0.0713,0.0014812974254097,0.023094773762926568,,,-0.08426496526794858,1.0
1975-02,0.0556,0.0012,-0.0447,-0.0058,0.0043,-2.5533333333333332,0.11752136752136755,-0.055121367521367544,0.062400000000000004,-0.0008996851102114345,0.02313922097956045,,,-0.09102945173650379,1.0
1975-03,0.026600000000000002,0.0375,0.0242,-0.0207,0.0040999999999999995,-2.43,0.11205073995771686,-0.05665073995771686,0.0554,-0.00995361734075817,0.023161573395498958,,,-0.10905556569523644,1.0
1975-04,0.042199999999999994,-0.0064,-0.0113,0.0152,0.0044,-1.9933333333333334,0.10460251046025104,-0.04970251046025104,0.054900000000000004,-0.016347813513831078,0.023183925811437467,,,-0.11904515839631291,0.0
1975-05,0.052000000000000005,0.0393,-0.0405,-0.0058,0.0044,-1.4666666666666666,0.10187110187110182,-0.049671101871101825,0.052199999999999996,-0.015650265650265727,0.023260986950980445,,,-0.11440706934156064,0.0
1975-06,0.0487,0.008100000000000001,0.013500000000000002,-0.0004,0.0040999999999999995,-0.8366666666666668,0.09259259259259256,-0.03709259259259256,0.0555,-0.0194581473651243,0.023338048090523422,,,-0.12425718311584877,0.0
1975-07,-0.066,0.026600000000000002,0.0176,0.0034999999999999996,0.0048,-0.11000000000000014,0.09183673469387754,-0.030836734693877543,0.061,-0.0127657757663735,0.02338777404526171,,,-0.1171888356515679,0.0
1975-08,-0.028399999999999998,-0.0317,-0.0091,-0.0016,0.0048,0.18666666666666654,0.09533468559837743,-0.03393468559837744,0.061399999999999996,-0.006536416272724388,0.0234375,,,-0.10985278453964276,0.0
1975-09,-0.0426,-0.0016,0.0033,0.004,0.0053,0.49666666666666653,0.08617234468937895,-0.02377234468937895,0.062400000000000004,-0.006420247903213605,0.023898439971528074,,,-0.0914480752311182,0.0
1975-10,0.053200000000000004,-0.0408,0.0034999999999999996,-0.0022,0.005600000000000001,0.6633333333333332,0.07905138339920947,-0.020851383399209472,0.0582,-0.012785351294668068,0.024359379943056148,,,-0.07971660053275553,0.0
1975-11,0.0265,-0.012199999999999999,0.0203,-0.005,0.0040999999999999995,0.5466666666666665,0.07647058823529407,-0.02427058823529407,0.052199999999999996,-0.018864097363083365,0.02459544023757987,,,-0.07314472672138828,0.0
1975-12,-0.016,-0.0087,0.017,-0.001,0.0048,0.3566666666666665,0.0737864077669903,-0.0217864077669903,0.052000000000000005,-0.012385936922388652,0.02483150053210359,,,-0.04029770009030942,0.0
1976-01,0.1215,0.0487,0.0863,0.0437,0.004699999999999999,0.4433333333333332,0.07129094412331405,-0.022590944123314048,0.0487,-0.0077604392758954255,0.024836802897630794,,,0.009228764448925508,0.0
1976-02,0.0031,0.0697,0.0571,0.0038,0.0034000000000000002,0.8099999999999999,0.06692160611854692,-0.019221606118546924,0.04769999999999999,-0.009548982116747151,0.024842105263158,,,0.03698309041275594,0.0
1976-03,0.0232,-0.011699999999999999,-0.0011,0.0023,0.004,1.0366666666666664,0.06273764258555126,-0.014337642585551258,0.0484,-0.011048765181439046,0.025122415704689316,,,0.07173373810669714,0.0
1976-04,-0.0149,-0.0008,-0.0016,0.0053,0.0042,0.8799999999999999,0.06060606060606055,-0.012406060606060552,0.0482,-0.010684883517253496,0.025402726146220633,,,0.08618753088823339,0.0
1976-05,-0.0134,-0.011899999999999999,-0.0129,-0.010700000000000001,0.0037,0.5266666666666665,0.05849056603773595,-0.0055905660377359445,0.0529,-0.00843104008081097,0.02544219588852359,,,0.08903487037226121,0.0
1976-06,0.0406,-0.0132,0.0073,-0.0044,0.0043,0.3233333333333332,0.062146892655367214,-0.007346892655367213,0.0548,-0.0005907499301840424,0.025481665630826544,0.8013636363636363,,0.09727097610761182,0.0
1976-07,-0.0106,0.0028000000000000004,0.0174,-0.0015,0.004699999999999999,0.25666666666666654,0.059813084112149584,-0.006713084112149589,0.053099999999999994,-0.0007929764939109685,0.02552855660057951,0.981904761904762,,0.09152820950810892,0.0
1976-08,-0.005699999999999999,-0.020499999999999997,0.0079,-0.0078000000000000005,0.0042,0.2466666666666665,0.05555555555555558,-0.0026555555555555777,0.0529,-0.002935010482180367,0.025575447570332477,1.1372727272727272,,0.08635753844037031,0.0
1976-09,0.0206,0.0008,-0.0031,0.002,0.0044,0.26999999999999985,0.05719557195571956,-0.004695571955719562,0.0525,-0.004951320699647654,0.025651258460781423,1.178095238095238,,0.08317315412727067,0.0
1976-10,-0.0242,0.0014000000000000002,-0.0017000000000000001,-0.0042,0.0040999999999999995,0.31666666666666654,0.05494505494505497,-0.004745054945054977,0.050199999999999995,-0.004868029167094612,0.02572706935123037,1.427,,0.07306439524962527,0.0
1976-11,0.0036,0.023399999999999997,0.015300000000000001,0.0281,0.004,0.10333333333333318,0.05464480874316946,-0.005144808743169457,0.0495,-0.0009107468123861207,0.025801129804991163,1.4810526315789474,,0.06804022624272066,0.0
1976-12,0.0565,0.030299999999999997,0.0223,0.0073,0.004,0.3433333333333332,0.05063291139240511,-0.0041329113924051045,0.04650000000000001,-0.006562660563314449,0.025875190258751957,1.4922727272727272,,0.08286421923252374,0.0
1977-01,-0.0403,0.0475,0.0432,0.0404,0.0036,0.5966666666666666,0.050359712230215736,-0.004259712230215734,0.0461,-0.004585342714839236,0.025914694366017232,1.3138095238095238,,0.079827715391104,0.0
1977-02,-0.0194,0.0103,0.0045000000000000005,0.0034000000000000002,0.0034999999999999996,0.6433333333333332,0.051971326164874654,-0.0051713261648746595,0.046799999999999994,-0.0026734825782948057,0.025954198473282508,1.3026315789473684,,0.058312326167641926,0.0
1977-03,-0.013500000000000002,0.009899999999999999,0.0109,0.0068000000000000005,0.0038,0.6933333333333332,0.06082289803220031,-0.013922898032200308,0.046900000000000004,0.010189986639795201,0.02599394456589088,1.3734782608695653,,0.0645926458159174,0.0
1977-04,0.0015,-0.0013,0.0338,0.04190000000000001,0.0038,0.6866666666666665,0.06428571428571428,-0.016985714285714278,0.0473,0.013926002055498543,0.026033690658499253,1.407,,0.07587184719464668,0.0
1977-05,-0.0147,0.0125,0.008100000000000001,0.020099999999999996,0.0037,0.9699999999999999,0.06951871657754016,-0.016018716577540164,0.0535,0.01754739041266551,0.026686217392470457,1.2019047619047618,,0.0808479695971207,0.0
1977-06,0.0472,0.0207,-0.0062,0.016,0.004,0.8133333333333331,0.06737588652482285,-0.013475886524822851,0.053899999999999997,0.006552988492622536,0.02733874412644166,1.1481818181818182,,0.08475907701975927,0.0
1977-07,-0.0169,0.0209,-0.006,0.004,0.0042,0.6899999999999998,0.06701940035273357,-0.012819400352733573,0.0542,0.002733686067019292,0.027443912911859325,1.055263157894737,,0.09207368806538119,0.0
1977-08,-0.0176,0.0155,-0.0277,-0.016399999999999998,0.0044,0.5933333333333332,0.06666666666666665,-0.007666666666666648,0.059000000000000004,-0.002852049910873511,0.02754908169727699,0.7852173913043478,,0.08727758791878615,0.0
1977-09,-0.0027,0.015,-0.0026,0.0209,0.0043,0.46333333333333315,0.06631762652705064,-0.0049176265270506475,0.061399999999999996,-0.001058259997772204,0.02759283818027769,0.6295238095238096,,0.08091746746274553,0.0
1977-10,-0.043899999999999995,0.011899999999999999,0.016200000000000003,-0.0012,0.0049,0.3633333333333331,0.06423611111111094,0.0004638888888890552,0.0647,-0.002783289241622633,0.02763659466327839,0.4175,,0.08163484591053471,0.0
1977-11,0.04,0.0368,0.0023,0.021400000000000002,0.005,0.3866666666666665,0.06390328151986191,0.0011967184801380815,0.06509999999999999,-0.002763385146804742,0.027711622147991832,0.43473684210526314,,0.08349138461882966,0.0
1977-12,0.0027,0.013600000000000001,-0.0029,0.0159,0.0049,0.4699999999999998,0.06712564543889843,-0.0015256454388984375,0.06559999999999999,0.0008080189118477854,0.027786649632705274,0.5085714285714286,,0.06918736986978158,0.0
1978-01,-0.06,0.022799999999999997,0.0338,-0.0058,0.0049,0.5933333333333332,0.0667808219178081,0.0002191780821919065,0.067,0.002544710806697159,0.028035490800721763,0.47047619047619044,,0.05964511863563571,0.0
1978-02,-0.0139,0.0359,0.008100000000000001,0.0196,0.0046,0.033333333333333215,0.0681431005110733,-0.00034310051107330763,0.0678,0.004239818991211397,0.028284331968738252,0.4683333333333333,,0.05140555542127112,0.0
1978-03,0.0285,0.0344,0.0115,0.014499999999999999,0.0053,0.19999999999999987,0.062394603709949426,0.0055053962900505765,0.0679,-0.004731041728949004,0.028348466169668574,0.46090909090909093,,0.04059687157267189,0.0
1978-04,0.0787,0.0036,-0.0354,0.0049,0.0054,0.37666666666666654,0.06375838926174482,0.005141610738255184,0.0689,-0.0030224326560632786,0.028412600370598895,0.4105,,0.047160844537949664,0.0
1978-05,0.0176,0.0453,-0.0055000000000000005,0.0278,0.0051,1.3933333333333333,0.06499999999999995,0.008600000000000052,0.0736,-0.00314310051107336,0.02843611164029769,0.3395238095238095,,0.05822494520652288,0.0
1978-06,-0.0169,0.0174,0.006,0.0279,0.0054,1.17,0.0714285714285714,0.004571428571428601,0.076,0.009033967718621971,0.028459622909996485,0.22272727272727275,,0.05484550104846431,0.0
1978-07,0.0512,0.0029,-0.01,0.04190000000000001,0.005600000000000001,0.9999999999999999,0.07438016528925617,0.00371983471074383,0.0781,0.010621776027511354,0.02856896357469907,0.15050000000000002,,0.05349748810704069,0.0
1978-08,0.0378,0.0506,-0.0066,0.0301,0.005600000000000001,0.3633333333333331,0.07730263157894735,0.0030973684210526403,0.08039999999999999,0.012302631578947398,0.028678304239401653,0.044347826086956525,,0.05128450481559299,0.0
1978-09,-0.0144,-0.0049,0.018799999999999997,-0.0319,0.0062,0.4766666666666665,0.07855973813420625,0.0059402618657937445,0.08449999999999999,0.0071311667056348504,0.02867949628796085,-0.149,,0.05455678972579259,0.0
1978-10,-0.11900000000000001,-0.0989,0.0126,-0.0842,0.0068000000000000005,0.2999999999999998,0.08482871125611746,0.004771288743882551,0.08960000000000001,0.010448545966861289,0.028680688336520044,-0.21142857142857144,,0.05288820730604393,0.0
1978-11,0.0271,0.030600000000000002,-0.0208,0.0545,0.006999999999999999,0.5833333333333331,0.08928571428571419,0.008314285714285802,0.09759999999999999,0.011983082706766846,0.028978248636672865,-0.6195,,0.05928852938076479,0.0
1978-12,0.0087,0.011899999999999999,-0.021400000000000002,0.0301,0.0078000000000000005,0.5933333333333332,0.08870967741935476,0.01159032258064524,0.1003,0.010149939285148513,0.029275808936825687,-0.709,,0.06550238158597743,0.0
1979-01,0.042199999999999994,0.0355,0.0219,-0.0143,0.0077,0.6733333333333332,0.08988764044943842,0.010812359550561576,0.1007,0.00505892919332096,0.02935982377048474,-0.7604545454545455,,0.06890239256716546,0.0
1979-02,-0.0356,0.0044,0.011699999999999999,-0.009899999999999999,0.0073,0.29666666666666647,0.09250398724082931,0.008096012759170698,0.10060000000000001,0.00321827295511512,0.02944383860414379,-0.6183333333333333,,0.07899373224851147,0.0
1979-03,0.0567,0.032,-0.0068000000000000005,0.0291,0.008100000000000001,0.0966666666666665,0.09841269841269851,0.0024873015873014964,0.1009,0.009703020993343747,0.029463934044086537,-0.6722727272727272,,0.07838783978180786,0.0
1979-04,-0.0007000000000000001,0.0217,0.011200000000000002,0.0087,0.008,0.26333333333333314,0.10252365930599372,-0.002423659305993725,0.1001,0.012636018856555298,0.029484029484029284,-0.5965,,0.06156058458180791,0.0
1979-05,-0.022000000000000002,0.0021,0.0132,-0.0055000000000000005,0.008199999999999999,-0.08333333333333348,0.10485133020344284,-0.0024513302034428336,0.1024,0.012347342962613528,0.029520339865167333,-0.5314285714285715,,0.027962479458462974,0.0
1979-06,0.0384,0.0113,0.014199999999999999,0.0077,0.008100000000000001,0.25999999999999984,0.10697674418604652,-0.0040767441860465325,0.10289999999999999,0.008564045773348017,0.029556650246305383,-0.3066666666666667,,0.03246706729812554,0.0
1979-07,0.0083,0.0128,0.0179,-0.010700000000000001,0.0077,-0.09666666666666685,0.11076923076923073,-0.00606923076923073,0.1047,0.008245571463237011,0.029593139937967528,-0.18761904761904763,,0.026026045816437637,0.0
1979-08,0.0554,0.019799999999999998,-0.0158,-0.0029,0.0077,0.3299999999999998,0.11450381679389321,-0.005103816793893212,0.1094,0.009652486590450371,0.029629629629629672,-0.42913043478260865,,0.02515512956484578,0.0
1979-09,-0.0083,-0.0026,-0.009399999999999999,0.0528,0.0083,-0.2100000000000002,0.11836115326251884,-0.004061153262518838,0.1143,0.011384409076472313,0.029673942564718336,-0.7215789473684211,,0.01423960209514874,0.0
1979-10,-0.081,-0.0338,-0.0183,0.0204,0.0087,-0.21666666666666687,0.11879699248120312,0.018903007518796866,0.1377,0.008027761711972392,0.029718255499807,-1.1904545454545454,,0.011504803987860246,0.0
1979-11,0.052199999999999996,0.0281,-0.0321,0.08039999999999999,0.009899999999999999,-0.16666666666666685,0.12071535022354718,0.01108464977645282,0.1318,0.00621153342965397,0.030059996370967568,-1.1552631578947368,,0.01126699560440847,0.0
1979-12,0.0178,0.041299999999999996,-0.0213,0.0472,0.0095,-0.12333333333333352,0.125925925925926,0.01187407407407401,0.1378,0.00756477266340716,0.030401737242128135,-1.0045,,0.0019689688953252737,0.0
1980-01,0.055,0.016200000000000003,0.018500000000000003,0.0745,0.008,-0.16000000000000017,0.13254786450662737,0.005652135493372623,0.1382,0.013750872025424243,0.03071181752617347,-0.6959090909090909,,-0.0023348552274172762,0.0
1980-02,-0.0123,-0.018600000000000002,0.0059,0.0789,0.0089,-0.12000000000000018,0.13868613138686126,0.0026138686131387534,0.1413,0.017970781163314076,0.0310218978102188,-1.0036842105263157,,0.008524477122790364,1.0
1980-03,-0.129,-0.067,-0.0096,-0.0959,0.0121,-0.1933333333333335,0.14161849710982644,0.03028150289017359,0.17190000000000003,0.01569257118390044,0.031165067429149707,-2.1357142857142857,,0.003986490654493968,1.0
1980-04,0.0395,0.0105,0.0103,-0.0049,0.0126,-0.5266666666666668,0.14592274678111572,0.030177253218884287,0.1761,0.013374882274488353,0.03130823704808061,-1.0285714285714287,,-0.0033548149087514467,1.0
1980-05,0.0526,0.020499999999999997,0.0038,-0.0118,0.008100000000000001,-1.3200000000000003,0.1458923512747876,-0.036092351274787604,0.10980000000000001,0.007206219887926357,0.03154653906193772,0.7314285714285714,,-0.011272032096897422,1.0
1980-06,0.0298,0.0166,-0.008,0.0158,0.0060999999999999995,-1.9366666666666668,0.14425770308123242,-0.04955770308123242,0.0947,0.002639205971405989,0.03178484107579482,1.05,,-0.044262762693309865,1.0
1980-07,0.06509999999999999,0.040999999999999995,-0.0629,0.003,0.0053,-1.9633333333333336,0.1426592797783932,-0.05235927977839322,0.09029999999999999,-0.0032634670027225088,0.031823793086917074,1.2181818181818183,,-0.056811152967926604,1.0
1980-08,0.0175,0.039,-0.0246,0.030600000000000002,0.0064,-1.4233333333333338,0.1315068493150684,-0.035406849315068406,0.09609999999999999,-0.014385501959719216,0.031862745098039325,0.5742857142857143,,-0.06187644398635772,0.0
1980-09,0.0219,0.0096,-0.0461,0.054299999999999994,0.0075,-0.5233333333333337,0.12890094979647215,-0.020200949796472162,0.10869999999999999,-0.015356753284760272,0.03192886313873111,-0.0661904761904762,,-0.052694468839132313,0.0
1980-10,0.0104,0.0239,-0.029300000000000003,0.0713,0.0095,0.22666666666666635,0.12768817204301075,0.00041182795698924135,0.1281,-0.01497110773538246,0.0319949811794229,-0.33681818181818185,,-0.03690072036953185,0.0
1980-11,0.096,-0.0327,-0.08109999999999999,0.1515,0.0096,0.813333333333333,0.12632978723404253,0.03217021276595747,0.1585,-0.005177062081025863,0.03204544109241836,-0.8294117647058823,,-0.03168999139550932,0.0
1980-12,-0.0446,-0.0028000000000000004,0.027999999999999997,-0.0669,0.0131,0.923333333333333,0.12631578947368416,0.06268421052631581,0.18899999999999997,-0.002585160322787994,0.03209590100541382,-1.2327272727272727,,-0.013950855117857652,0.0
1981-01,-0.0506,0.0291,0.0674,-0.0781,0.0104,0.7066666666666664,0.12353706111833551,0.06726293888166446,0.19079999999999997,-0.004151110924675239,0.03217698276077152,-0.6938095238095239,,-0.008052089488257752,0.0
1981-02,0.0060999999999999995,-0.004699999999999999,0.0097,-0.0137,0.010700000000000001,0.23999999999999969,0.11794871794871797,0.04135128205128202,0.1593,-0.00838106928532456,0.032258064516129226,-0.7244444444444444,,-0.019712721273567824,0.0
1981-03,0.036699999999999997,0.0334,0.0060999999999999995,0.008199999999999999,0.0121,-0.11666666666666697,0.11392405063291133,0.03307594936708866,0.147,-0.012391738840772826,0.03231608261777685,-0.45272727272727276,,-0.02415421834798981,0.0
1981-04,-0.0216,0.045,0.022799999999999997,-0.0108,0.0108,-0.2600000000000003,0.10611735330836458,0.051082646691635425,0.1572,-0.01741970780997093,0.03237410071942448,-0.47190476190476194,,-0.015180258338153063,0.0
1981-05,0.0013,0.0194,-0.0043,0.0358,0.0115,-0.18333333333333365,0.10135970333745359,0.08384029666254642,0.1852,-0.016589014611264385,0.03247777717675493,-1.3575,,0.0003599549171218186,0.0
1981-06,-0.023399999999999997,-0.0083,0.051399999999999994,-0.056900000000000006,0.013500000000000002,-0.05666666666666697,0.0979192166462668,0.09308078335373321,0.191,-0.01600483398664454,0.03258145363408538,-1.0336363636363637,,0.031468672487850124,0.0
1981-07,-0.0155,-0.0207,-0.0060999999999999995,-0.024399999999999998,0.0124,-0.12333333333333364,0.09696969696969693,0.09343030303030306,0.19039999999999999,-0.009147656338667653,0.03262238510850002,-1.0731818181818182,,0.05029602722878468,0.0
1981-08,-0.0702,-0.0195,0.0471,-0.011000000000000001,0.0128,-0.09000000000000032,0.10774818401937059,0.07045181598062941,0.1782,0.006388480681916997,0.03266331658291466,-1.3476190476190477,,0.06466970757490653,1.0
1981-09,-0.0719,-0.0268,0.051100000000000007,0.0213,0.0124,-0.22333333333333363,0.10817307692307687,0.05052692307692311,0.15869999999999998,0.010253860276810078,0.032689346404870645,-1.1338095238095238,,0.060018910376710144,1.0
1981-10,0.0492,0.0213,-0.0409,0.0383,0.0121,-0.4533333333333336,0.1096543504171632,0.041145649582836785,0.1508,0.012684653447466276,0.03271537622682663,-0.3947619047619047,,0.03778994689351256,1.0
1981-11,0.034,-0.0109,0.0191,-0.002,0.010700000000000001,-0.9066666666666671,0.10271546635182993,0.030384533648170065,0.1331,-0.005032717667540654,0.032761090300533535,0.5111111111111111,,0.0166823401898355,1.0
1981-12,-0.0363,0.0118,0.0079,0.0127,0.0087,-1.206666666666667,0.09579439252336464,0.027905607476635355,0.12369999999999999,-0.012378684399712236,0.03280680437424044,0.43409090909090914,,-0.011681112106147085,1.0
1982-01,-0.0323,-0.0125,0.0319,0.0177,0.008,-1.4066666666666672,0.08912037037037024,0.04307962962962977,0.1322,-0.020533980046792966,0.03289295880126464,0.026000000000000002,,-0.028656357308042835,1.0
1982-02,-0.058600000000000006,0.0046,0.060899999999999996,0.0487,0.0092,-1.5833333333333337,0.08256880733944949,0.0652311926605505,0.1478,-0.02014665901238044,0.03297911322828884,-0.3977777777777778,,-0.042573200239021225,1.0
1982-03,-0.0182,-0.0019,0.037599999999999995,0.028999999999999998,0.0098,-0.8300000000000004,0.07613636363636367,0.07066363636363632,0.14679999999999999,-0.019658028887000967,0.03327527089985871,-0.33304347826086955,,-0.018896584290886143,1.0
1982-04,0.032400000000000005,0.016399999999999998,-0.0308,-0.0046,0.0113,-0.6266666666666669,0.06884875846501148,0.08055124153498852,0.1494,-0.020271611905358755,0.033571428571428585,-0.3304761904761905,,-0.030348885922016455,1.0
1982-05,-0.0393,0.0017000000000000001,0.0178,0.025099999999999997,0.0106,-0.3766666666666669,0.06621773288439958,0.0782822671156004,0.1445,-0.016351074455049908,0.033583202511773935,-0.15450000000000003,,-0.035058397892170245,1.0
1982-06,-0.0308,-0.0043,0.015600000000000001,0.048799999999999996,0.0096,-0.8900000000000002,0.06911928651059096,0.07238071348940905,0.14150000000000001,-0.007017077125772708,0.033594976452119285,-0.1659090909090909,,-0.04694474041779495,1.0
1982-07,-0.032,0.0091,0.0007000000000000001,0.0441,0.0105,-0.9600000000000003,0.07182320441988943,0.05407679558011058,0.1259,0.0029744459548779467,0.03382911839637592,0.14904761904761904,,-0.05424420493249382,1.0
1982-08,0.11230000000000001,-0.042800000000000005,0.0109,-0.0359,0.0076,-0.8600000000000003,0.06557377049180335,0.03562622950819665,0.1012,-0.0006439623925962312,0.03406326034063256,0.7313636363636363,,-0.06349148068200938,1.0
1982-09,0.0131,0.0287,0.0023,0.041299999999999996,0.0051,-1.0100000000000005,0.05965292841648595,0.04344707158351406,0.10310000000000001,-0.00946635809410501,0.03410480090202361,0.5557142857142857,,-0.07088265683228012,1.0
1982-10,0.113,0.023799999999999998,-0.0362,0.0,0.0059,-0.8133333333333336,0.04940923737916236,0.04769076262083764,0.0971,-0.022413967040727067,0.034146341463414664,0.719,,-0.06868842801509523,1.0
1982-11,0.046799999999999994,0.0463,-0.018000000000000002,0.0591,0.0063,-0.9766666666666669,0.05032119914346889,0.04167880085653111,0.092,-0.015252571348334465,0.034505817324417265,0.7547368421052632,,-0.070372990567942,1.0
1982-12,0.005600000000000001,-0.0031,-0.0006,-0.0002,0.0067,-0.7966666666666669,0.044776119402985204,0.04472388059701479,0.0895,-0.014876809013500747,0.034865293185419866,0.8777272727272727,,-0.0624962823436106,0.0
1983-01,0.0359,0.0282,-0.0072,-0.016399999999999998,0.0069,-0.7800000000000002,0.03825717321997879,0.04854282678002121,0.0868,-0.011152064159183572,0.034889005694954345,1.1295238095238094,,-0.059123784787980305,0.0
1983-02,0.0259,0.0318,0.0066,0.0369,0.0062,0.019999999999999723,0.037076271186440746,0.04802372881355925,0.0851,-0.01324492795702814,0.034912718204488824,1.088421052631579,,-0.0213859643737786,0.0
1983-03,0.0281,0.0175,0.0206,0.0088,0.0063,0.04666666666666639,0.03484688489968324,0.05285311510031676,0.0877,-0.009929234503301965,0.034889005694954345,0.8504347826086956,,-0.046934036050345296,0.0
1983-04,0.0666,0.0046,0.0043,0.016399999999999998,0.0070999999999999995,0.4633333333333331,0.035902851108764455,0.052097148891235553,0.08800000000000001,-0.0023543221112143353,0.034912718204488824,0.8320000000000001,,-0.032461646238918895,0.0
1983-05,0.0051,0.062,-0.013999999999999999,-0.015700000000000002,0.0069,0.31333333333333313,0.040000000000000036,0.046299999999999966,0.0863,0.00292372881355929,0.03495449759814917,0.8909523809523809,,-0.011083036169128868,0.0
1983-06,0.030699999999999998,0.009300000000000001,-0.038900000000000004,0.018500000000000003,0.0067,0.7766666666666665,0.0344108446298228,0.055389155370177204,0.0898,-0.0004360402698604382,0.034912718204488824,0.6668181818181819,,0.0015508233107617286,0.0
1983-07,-0.0406,0.015,0.0554,-0.0308,0.0074,0.9199999999999999,0.024742268041237248,0.06895773195876274,0.09369999999999999,-0.011160583067527208,0.034889005694954345,0.692,,0.010316445022150678,0.0
1983-08,-0.005,-0.0429,0.0559,-0.0538,0.0076,1.0499999999999998,0.02358974358974364,0.07201025641025637,0.0956,-0.016410256410256396,0.034865293185419866,0.7756521739130434,,0.028744407943608996,0.0
1983-09,0.0092,0.0060999999999999995,0.009899999999999999,-0.0001,0.0076,0.89,0.02456499488229258,0.06993500511770741,0.09449999999999999,-0.009845849747530222,0.03485608904255155,0.8638095238095238,,0.05050271558043451,0.0
1983-10,-0.034300000000000004,-0.0355,0.0496,-0.0446,0.0076,1.0366666666666664,0.02763561924257929,0.06716438075742072,0.09480000000000001,0.0028933512013420426,0.03484688489968324,0.97,,0.06841639388068677,0.0
1983-11,0.0217,0.0202,-0.0073,-0.0013,0.006999999999999999,1.0066666666666666,0.02752293577981657,0.06587706422018343,0.0934,0.003933192190072932,0.03462886476475302,1.0257894736842106,,0.08710903491149335,0.0
1983-12,-0.0177,-0.0025,0.0175,0.008199999999999999,0.0073,1.1133333333333333,0.031632653061224536,0.06306734693877547,0.0947,0.007067658178931957,0.0344108446298228,0.9928571428571429,,0.09551635894507537,0.0
1984-01,-0.0192,-0.0034999999999999996,0.0748,-0.025699999999999997,0.0076,0.9099999999999998,0.03787103377686796,0.05772896622313205,0.0956,0.010235414534288667,0.03462886476475302,1.0319047619047619,,0.10886183797139415,0.0
1984-02,-0.04769999999999999,-0.0168,0.0341,0.0045000000000000005,0.0070999999999999995,1.0099999999999998,0.04290091930541351,0.05299908069458649,0.0959,0.015377983525596939,0.03484688489968324,1.056842105263158,,0.11030374251935249,0.0
1984-03,0.006500000000000001,0.001,0.0053,0.011000000000000001,0.0073,0.9799999999999999,0.04693877551020398,0.05216122448979603,0.09910000000000001,0.015306122448979442,0.03485608904255155,1.0045454545454546,,0.12222425631216693,0.0
1984-04,-0.0051,-0.0116,0.011899999999999999,0.021400000000000002,0.008100000000000001,0.7999999999999998,0.04892966360856277,0.053970336391437224,0.10289999999999999,0.01105862983169481,0.034865293185419866,0.9475,,0.11828004106467693,0.0
1984-05,-0.059800000000000006,0.0007000000000000001,0.0026,0.0152,0.0078000000000000005,0.5699999999999998,0.045546558704453455,0.057653441295546545,0.1032,0.002645639399039945,0.034889005694954345,0.9386363636363636,,0.11083408371126957,0.0
1984-06,0.0181,-0.0024,-0.0275,-0.0055000000000000005,0.0075,0.5433333333333331,0.043346774193548265,0.06725322580645174,0.1106,-0.003592001316655713,0.034912718204488824,0.6561904761904762,,0.11016530838380367,0.0
1984-07,-0.027200000000000002,-0.022000000000000002,0.0039000000000000003,0.0278,0.008199999999999999,0.5999999999999998,0.04325955734406439,0.06904044265593562,0.11230000000000001,-0.005670106264498376,0.03495449759814917,0.4847619047619047,,0.1074527207214544,0.0
1984-08,0.1027,-0.0027,-0.0174,-0.056100000000000004,0.0083,0.43666666666666654,0.043086172344689366,0.07331382765531064,0.1164,-0.0024603863597640885,0.034996276991809516,0.2817391304347826,,0.09422400340189285,0.0
1984-09,-0.008,0.0015,0.0525,0.0364,0.0086,0.23333333333333317,0.04295704295704317,0.07004295704295684,0.113,-0.00038973123650509756,0.03499813849590472,0.3178947368421053,,0.08254649187321461,0.0
1984-10,-0.0084,-0.0111,0.0059,0.032799999999999996,0.01,0.009999999999999854,0.042828685258964105,0.0570713147410359,0.0999,-0.00043087208510028674,0.03499999999999992,0.5604545454545454,,0.0638672867247645,0.0
1984-11,-0.0177,-0.0072,0.0387,0.015700000000000002,0.0073,0.03333333333333319,0.04265873015873023,0.051641269841269766,0.0943,-0.0004274421859591371,0.03502800867365374,0.9236842105263158,,0.05567847537197523,0.0
1984-12,0.0184,-0.0066,-0.0029,0.013999999999999999,0.0064,0.17666666666666653,0.041543026706231556,0.04225697329376846,0.08380000000000001,-0.0014140162508116116,0.035056017347307566,1.318,,0.05453162494473873,0.0
1985-01,0.0797,0.0327,-0.0521,-0.0677,0.006500000000000001,0.21666666666666654,0.04043392504930954,0.04306607495069045,0.08349999999999999,-0.0023947602096545673,0.03506075054099633,1.4533333333333334,,0.04960103266653104,0.0
1985-02,0.012199999999999999,0.0070999999999999995,-0.0024,0.0191,0.0058,0.12999999999999987,0.0352595494613126,0.049740450538687406,0.085,-0.007399180697417629,0.0350654837346851,1.3433333333333333,,0.02888405510513481,0.0
1985-03,-0.0083,-0.010700000000000001,0.0401,0.0179,0.0062,-0.0233333333333335,0.03606237816764146,0.04973762183235854,0.0858,-0.005480648538590094,0.03516251659799885,1.1423809523809523,,0.027201407040452263,0.0
1985-04,-0.0096,0.0009,0.036000000000000004,0.029500000000000002,0.0072,0.0766666666666665,0.03790087463556846,0.044799125364431536,0.0827,-0.002533050413741078,0.0352595494613126,1.3457142857142859,,0.023741950892748775,0.0
1985-05,0.0507,-0.023,-0.0098,0.0405,0.0066,0.01333333333333316,0.03581800580832528,0.04388199419167471,0.0797,0.0005584563470126813,0.035306542407423924,1.4527272727272729,,0.015505472083101601,0.0
1985-06,0.0127,0.0048,0.0038,0.0339,0.0055000000000000005,0.15333333333333315,0.035748792270531515,0.03955120772946849,0.0753,-0.000313585897109947,0.03535353535353525,1.468,,0.011492068646153486,0.0
1985-07,-0.0072,0.028300000000000002,-0.016200000000000003,-0.037000000000000005,0.0062,-0.1433333333333335,0.03664416586306651,0.04215583413693348,0.0788,-0.0012567087725019466,0.035356325687817325,1.5336363636363637,,0.007306797251541264,0.0
1985-08,-0.0101,-0.003,0.023399999999999997,0.0178,0.0055000000000000005,-0.11666666666666685,0.03458213256484166,0.04441786743515834,0.079,-0.0012358732434836206,0.03535353535353525,1.3881818181818182,,-0.0002291387499290254,0.0
1985-09,-0.0451,-0.016200000000000003,0.0121,0.016,0.006,-0.0633333333333335,0.03352490421455934,0.045675095785440656,0.07919999999999999,-0.0022238880559721785,0.035306542407423924,1.39,,0.0017799492018613083,0.0
1985-10,0.04,-0.015,0.0077,0.048600000000000004,0.006500000000000001,0.19333333333333316,0.032473734479465,0.047426265520535,0.0799,-0.004170431383601514,0.0352595494613126,1.3722727272727273,,0.008154779178130456,0.0
1985-11,0.0646,0.0019,-0.0291,-0.005699999999999999,0.0060999999999999995,0.1333333333333332,0.032350142721217834,0.04814985727878217,0.0805,-0.0022319898436238272,0.03516251659799885,1.2005263157894737,,0.005130362266396737,0.0
1985-12,0.0388,-0.0053,-0.0146,-0.0023,0.006500000000000001,0.06333333333333319,0.03513770180436859,0.0475622981956314,0.0827,0.0016127975898092561,0.03513770180436859,1.1123809523809522,,0.005279730521382531,0.0
1986-01,0.006500000000000001,0.0115,0.0046,0.029500000000000002,0.005600000000000001,0.07666666666666654,0.03791469194312791,0.04348530805687209,0.0814,0.00544095746366291,0.0351986256328406,1.0514285714285716,,0.014633539281426744,0.0
1986-02,0.07139999999999999,-0.005699999999999999,-0.0063,0.0259,0.0053,0.40666666666666657,0.039735099337748325,0.03886490066225168,0.0786,0.007384956616530491,0.0352595494613126,0.7368421052631579,,0.02042568302210057,0.0
1986-03,0.049100000000000005,-0.0054,-0.0039000000000000003,0.0239,0.006,0.11999999999999984,0.0319849482596426,0.04281505174035741,0.0748,-0.0031527535447259947,0.0351986256328406,0.564,,0.010483274768402273,0.0
1986-04,-0.0128,0.0276,-0.0281,-0.0034999999999999996,0.0052,-0.04000000000000017,0.021535580524344455,0.04836441947565555,0.0699,-0.016379111418783454,0.03513770180436859,0.604090909090909,,0.0017716115650512343,0.0
1986-05,0.0462,-0.013600000000000001,-0.0014000000000000002,0.0206,0.0049,-0.07000000000000013,0.015887850467289688,0.0526121495327103,0.06849999999999999,-0.023847248870458637,0.035101592769526846,0.6423809523809524,,0.005395837861830843,0.0
1986-06,0.0106,-0.009300000000000001,0.012,0.049400000000000006,0.0052,0.056666666666666504,0.01679104477611948,0.05240895522388052,0.0692,-0.015193903483523119,0.0350654837346851,0.6147619047619047,,0.00541901122652777,0.0
1986-07,-0.0643,-0.034300000000000004,0.0466,0.019,0.0052,0.07999999999999985,0.017674418604651132,0.04792558139534886,0.06559999999999999,-0.0038611619196933233,0.03506075054099633,0.6368181818181818,,0.0018540518149086083,0.0
1986-08,0.060700000000000004,-0.0416,0.0354,-0.0516,0.0046,0.01999999999999985,0.01671309192200554,0.04498690807799446,0.0617,0.0008252414547158526,0.035056017347307566,0.8395238095238095,,0.013194082831557319,0.0
1986-09,-0.0859,0.024,0.0323,-0.056900000000000006,0.0045000000000000005,0.09666666666666651,0.01575532900834098,0.043144670991659015,0.058899999999999994,-0.0010357157677785,0.03502800867365374,1.1014285714285714,,0.008247799581394988,0.0
1986-10,0.0464,-0.0253,-0.014199999999999999,0.0447,0.0046,0.3566666666666665,0.01757631822386685,0.04092368177613315,0.058499999999999996,-9.810038078428285e-05,0.03499999999999992,1.1472727272727272,,0.007412926803496367,0.0
1986-11,0.011699999999999999,-0.0187,-0.0002,-0.0025,0.0039000000000000003,0.15666666666666648,0.015668202764977046,0.044731797235022956,0.0604,-0.0010448891570284946,0.03499813849590472,0.9738888888888889,,0.014862965758343893,0.0
1986-12,-0.0326,0.0019,0.0036,0.0046,0.0049,0.1366666666666665,0.012844036697247763,0.05625596330275223,0.0691,-0.0029112923110932165,0.034996276991809516,0.8409090909090909,,0.015357187083427482,0.0
1987-01,0.1245,-0.0189,-0.0318,0.0206,0.0042,0.23666666666666647,0.01187214611872145,0.05242785388127855,0.0643,-0.0057041721051454,0.03495449759814917,0.8584999999999999,,0.015210709724897686,0.0
1987-02,0.0438,0.0345,-0.058600000000000006,-0.0222,0.0043,-1.8503717077085943e-16,0.01364877161055511,0.04735122838944489,0.061,-0.0020194311544219357,0.034912718204488824,0.8526315789473684,,0.006100656345238598,0.0
1987-03,0.0163,0.005,0.0166,0.0167,0.004699999999999999,0.49666666666666653,0.019143117593436676,0.042156882406563324,0.0613,0.006299080896188913,0.034889005694954345,0.8240909090909091,,0.026567648418983847,0.0
1987-04,-0.0209,-0.0172,-0.0036,0.0022,0.0044,0.22666666666666654,0.028414298808432603,0.035285701191567403,0.0637,0.016542152689711154,0.034865293185419866,0.9985714285714286,,0.0354296110984762,0.0
1987-05,0.0011,-0.0053,0.0022,-0.0077,0.0038,0.6333333333333332,0.03679852805887762,0.03170147194112237,0.06849999999999999,0.02314975644832251,0.034889005694954345,0.8515,,0.040493229629387395,0.0
1987-06,0.0391,-0.0203,0.0113,-0.0022,0.0048,0.2733333333333332,0.03669724770642202,0.03060275229357798,0.0673,0.017554130112985344,0.034912718204488824,0.8290909090909092,,0.04552760573702974,0.0
1987-07,0.0384,-0.005699999999999999,0.009399999999999999,0.025699999999999997,0.0046,0.3233333333333332,0.03747714808043878,0.028322851919561215,0.0658,0.00906284927200618,0.03495449759814917,1.0045454545454546,,0.05519439713663821,0.0
1987-08,0.0352,-0.0085,-0.0098,-0.0095,0.004699999999999999,0.4633333333333332,0.03926940639269394,0.02803059360730606,0.0673,0.0024708783338163176,0.034996276991809516,1.0076190476190476,,0.05549483162984625,0.0
1987-09,-0.0258,0.0058,0.0026,0.008100000000000001,0.0045000000000000005,0.4266666666666666,0.042883211678832245,0.029316788321167755,0.0722,0.0061859639724102244,0.03499813849590472,1.0780952380952382,,0.06539368743960372,0.0
1987-10,-0.23190000000000002,-0.0827,0.0418,-0.07719999999999999,0.006,0.4866666666666666,0.042727272727272725,0.03017272727272728,0.0729,0.005250124646833942,0.03499999999999992,1.1223809523809525,,0.06686739906867412,0.0
1987-11,-0.0776,0.0268,0.031400000000000004,-0.0123,0.0034999999999999996,0.49999999999999983,0.04355716878402904,0.023342831215970958,0.0669,0.004287762391335104,0.03502800867365374,1.167894736842105,,0.07649118005085254,0.0
1987-12,0.0682,0.0003,-0.044199999999999996,0.0587,0.0039000000000000003,0.4799999999999998,0.04528985507246386,0.022410144927536138,0.0677,0.0024066433936316134,0.035056017347307566,1.13,,0.07742526773047431,0.0
1988-01,0.0421,-0.0075,0.0493,-0.0736,0.0029,0.5099999999999999,0.04332129963898912,0.02497870036101088,0.0683,0.0005940269117163943,0.03506075054099633,1.0357894736842106,,0.07328838312501662,0.0
1988-02,0.04769999999999999,0.0333,-0.015300000000000001,-0.0147,0.0046,0.2199999999999999,0.04129263913824044,0.02450736086175956,0.0658,-0.0022645296457886044,0.0350654837346851,1.0314999999999999,,0.07683256014634088,0.0
1988-03,-0.0226,0.0601,0.0086,0.0060999999999999995,0.0044,0.3066666666666666,0.03935599284436497,0.026444007155635024,0.0658,-0.005933862228098885,0.035101592769526846,1.1030434782608696,,0.06815010338304517,0.0
1988-04,0.005699999999999999,0.0091,0.0151,0.022000000000000002,0.0046,0.26999999999999985,0.03832442067736186,0.030375579322638138,0.0687,-0.00499687896162726,0.03513770180436859,1.129,,0.0692376356971911,0.0
1988-05,-0.0027,-0.0254,0.024399999999999998,0.0063,0.0051,0.4133333333333333,0.03992901508429458,0.03097098491570542,0.0709,-0.0013636240539458555,0.0351986256328406,1.0933333333333333,,0.06867457888147577,0.0
1988-06,0.0478,0.0202,-0.013500000000000002,-0.0302,0.0049,0.2299999999999999,0.03982300884955747,0.03527699115044253,0.0751,0.00046701600519249986,0.0352595494613126,0.8954545454545454,,0.05981899007846314,0.0
1988-07,-0.0125,-0.0023,0.0218,0.006500000000000001,0.0051,0.23333333333333325,0.0396475770925111,0.0378524229074889,0.0775,0.0013231564151492403,0.035306542407423924,0.777,,0.057416879133171284,0.0
1988-08,-0.0331,0.0007000000000000001,0.021400000000000002,0.0036,0.0059,0.13666666666666655,0.04130052724077338,0.03879947275922663,0.0801,0.0013715121564787935,0.03535353535353525,0.6317391304347827,,0.050408224147804326,0.0
1988-09,0.0331,-0.0134,-0.0075,0.0028000000000000004,0.0062,0.1599999999999999,0.04111986001749779,0.04078013998250221,0.0819,0.001296851167940316,0.035356325687817325,0.5138095238095238,,0.047810209040970886,0.0
1988-10,0.0116,-0.0292,0.0203,0.0131,0.0060999999999999995,0.026666666666666557,0.04184829991281602,0.04115170008718398,0.083,0.0022007228203049234,0.0353591160220994,0.4415,,0.040437256653518716,0.0
1988-11,-0.0227,-0.016399999999999998,0.0147,0.002,0.005699999999999999,0.19666666666666655,0.04260869565217407,0.040891304347825924,0.08349999999999999,0.0013081684114006897,0.035412647590574386,0.2965,,0.03118549371874013,0.0
1988-12,0.0148,0.0189,-0.0183,0.0032,0.0063,0.26666666666666655,0.04246100519930662,0.045138994800693374,0.0876,0.0013411451818088338,0.03546617915904937,0.017142857142857144,,0.028661985664013345,0.0
1989-01,0.060700000000000004,-0.0219,0.0060999999999999995,-0.0023,0.0055000000000000005,0.43666666666666654,0.044117647058823595,0.047082352941176395,0.09119999999999999,0.002269347146007572,0.03549215219395163,-0.08399999999999999,,0.027558579362517488,0.0
1989-02,-0.0223,0.0281,0.009899999999999999,0.0101,0.0060999999999999995,0.3599999999999999,0.04482758620689653,0.04877241379310346,0.09359999999999999,0.0022188905547224635,0.03551812522885389,-0.2026315789473684,,0.030792614276063945,0.0
1989-03,0.015700000000000002,0.0067,0.004699999999999999,0.0349,0.0067,0.12666666666666654,0.04647160068846801,0.052028399311531984,0.09849999999999999,0.004010595489161384,0.03555433820497822,-0.32181818181818184,,0.02111356945517584,0.0
1989-04,0.0435,-0.0067,-0.0148,0.018000000000000002,0.0067,-0.11666666666666677,0.04892703862660941,0.04947296137339059,0.0984,0.0048093915677858146,0.03559055118110255,-0.27599999999999997,,0.021147048238211674,0.0
1989-05,0.032799999999999996,-0.0009,-0.009000000000000001,0.014199999999999999,0.0079,-0.16333333333333344,0.05034129692832767,0.047758703071672334,0.0981,0.005513710721431142,0.03566371328821094,-0.15863636363636366,,0.01510544400528735,0.0
1989-06,-0.013300000000000001,-0.0097,0.022099999999999998,0.004,0.0070999999999999995,-0.21333333333333346,0.052765957446808454,0.04253404255319154,0.0953,0.006294356758340447,0.035736875395319334,-0.1290909090909091,,0.011373664245240223,0.0
1989-07,0.0718,-0.041100000000000005,-0.027999999999999997,0.053200000000000004,0.006999999999999999,-0.2266666666666667,0.051694915254237195,0.0407050847457628,0.0924,0.0027678766276277855,0.035742833832925425,0.199,,0.008371301845179868,0.0
1989-08,0.0143,0.005699999999999999,0.0062,-0.005,0.0074,-0.5433333333333334,0.05063291139240511,0.0392670886075949,0.08990000000000001,0.00029161446407743874,0.035748792270531515,-0.03217391304347826,,-0.00150328322933313,0.0
1989-09,-0.0076,0.003,-0.0127,0.0349,0.006500000000000001,-0.12333333333333336,0.04621848739495804,0.04398151260504196,0.0902,-0.0065474700518504125,0.0357833990394284,-0.094,,0.0032497957712054326,0.0
1989-10,-0.0365,-0.032400000000000005,-0.0116,0.013600000000000001,0.0068000000000000005,-0.2266666666666667,0.04435146443514637,0.04404853556485362,0.08839999999999999,-0.007343450819090824,0.03581800580832528,0.02857142857142857,,0.0032404322531349727,0.0
1989-11,0.0104,-0.011899999999999999,-0.0113,0.026699999999999998,0.0069,-0.09000000000000007,0.04587155963302747,0.03962844036697254,0.0855,-0.004761351759377641,0.03585202917127328,0.07857142857142857,,-0.002412187141598743,0.0
1989-12,0.0118,-0.023700000000000002,0.0015,0.0276,0.0060999999999999995,-0.26000000000000006,0.046550290939318506,0.037949709060681486,0.08449999999999999,0.000331803544360465,0.03588605253422128,0.059,,-0.0014564426549978915,0.0
1990-01,-0.078,-0.011399999999999999,0.0083,-0.029900000000000003,0.005699999999999999,-0.09666666666666675,0.046396023198011616,0.03590397680198838,0.0823,0.002044558762865245,0.03589445182149287,0.12142857142857141,23.347272727272728,-0.0005074563869427173,0.0
1990-02,0.011200000000000002,0.0097,0.006500000000000001,-0.0051,0.005699999999999999,-0.03333333333333343,0.051980198019802026,0.030419801980197975,0.0824,0.006108638386774556,0.035902851108764455,0.10263157894736842,23.262631578947367,-0.00848734447631927,0.0
1990-03,0.0183,0.0147,-0.028999999999999998,0.0173,0.0064,0.09999999999999992,0.05263157894736836,0.030168421052631636,0.0828,0.006081288008049857,0.03598261463820296,-0.038181818181818185,20.062272727272727,0.00496435249645466,0.0
1990-04,-0.0336,-0.004699999999999999,-0.025699999999999997,0.0231,0.0069,0.16333333333333325,0.05237315875613735,0.030226841243862643,0.08259999999999999,0.005977135558125735,0.03606237816764146,0.0615,21.4035,0.007451289008624462,0.0
1990-05,0.0843,-0.0256,-0.038900000000000004,0.0311,0.0068000000000000005,0.0033333333333332624,0.04711616571892785,0.03468383428107215,0.0818,-0.004864032300874177,0.03606763385883005,0.11590909090909092,18.097727272727273,0.004962367772133325,0.0
1990-06,-0.0109,0.013500000000000002,-0.02,0.025099999999999997,0.0063,-0.17333333333333342,0.043654001616814764,0.039245998383185224,0.08289999999999999,-0.008977577330553599,0.03607288955001864,0.12904761904761905,16.82238095238095,0.013782408246781896,0.0
1990-07,-0.019,-0.0308,-0.0006,0.0604,0.0068000000000000005,-0.24333333333333343,0.04673650282030639,0.03476349717969361,0.0815,-0.005636655935830959,0.03611736135216648,0.3142857142857143,18.392857142857142,0.017298125132548803,0.0
1990-08,-0.1012,-0.035,0.015600000000000001,0.0196,0.0066,-0.2000000000000001,0.04819277108433728,0.03310722891566273,0.08130000000000001,0.0010766053654094332,0.036161833154314316,0.691304347826087,28.175217391304347,0.025412840137444492,1.0
1990-09,-0.0611,-0.0364,0.0059,0.0572,0.006,-0.2800000000000001,0.05702811244979911,0.024971887550200883,0.08199999999999999,0.013374110832984343,0.036207262592950484,0.8136842105263158,29.10736842105263,0.019009861881851498,1.0
1990-10,-0.0192,-0.0552,0.0008,0.06709999999999999,0.0068000000000000005,-0.5333333333333334,0.06169871794871806,0.01940128205128193,0.08109999999999999,0.014962215128411671,0.03625269203158665,0.8418181818181818,29.625652173913043,0.02229147315019908,1.0
1990-11,0.0635,0.0042,-0.0297,-0.0546,0.005699999999999999,-0.6466666666666668,0.06379585326953752,0.014304146730462486,0.0781,0.015603082185200234,0.036308164197611514,0.7935,24.885714285714286,0.017690408900654653,1.0
1990-12,0.0246,0.0079,-0.015700000000000002,0.0022,0.006,-1.04,0.06195393169181873,0.011146068308181267,0.0731,0.0049258192420196245,0.036363636363636376,0.761,23.363,0.001366191065791167,1.0
1991-01,0.046900000000000004,0.0378,-0.0148,-0.0645,0.0052,-1.0933333333333335,0.06254948535233562,0.006550514647664374,0.0691,0.0008507674036175583,0.036385701676963866,0.9676190476190476,27.429090909090913,-0.011405030076012013,1.0
1991-02,0.0719,0.0401,-0.0062,-0.049,0.0048,-1.1500000000000001,0.05647058823529405,0.00602941176470595,0.0625,-0.007325265034243467,0.03640776699029136,0.9878947368421053,21.59842105263158,-0.00961460577686335,1.0
1991-03,0.026600000000000002,0.0388,-0.013000000000000001,0.0274,0.0044,-0.9700000000000001,0.05312500000000009,0.008074999999999916,0.061200000000000004,-0.008828931691818642,0.03644096556201504,1.0070000000000001,17.74421052631579,-0.02577958439290029,1.0
1991-04,-0.0028000000000000004,0.005,0.0149,-0.0233,0.0053,-0.9500000000000002,0.04821150855365497,0.01088849144634503,0.0591,-0.014337976798680652,0.03647416413373872,1.0909090909090908,17.37272727272727,-0.0361869587651098,0.0
1991-05,0.0366,-0.0039000000000000003,-0.0052,-0.001,0.004699999999999999,-0.5800000000000001,0.04809930178432875,0.009700698215671252,0.057800000000000004,-0.008371286450965298,0.036559164998402616,1.2840909090909092,16.93227272727273,-0.031105501802648705,0.0
1991-06,-0.049400000000000006,0.0018,0.0108,0.0042,0.0042,-0.3100000000000001,0.05034856700232382,0.008651432997676185,0.059000000000000004,-0.0027764329976762703,0.03664416586306651,1.328,17.134999999999998,-0.02494978108064083,0.0
1991-07,0.0424,-0.0097,-0.013000000000000001,0.0425,0.0049,-7.401486830834377e-17,0.046959199384141614,0.011240800615858387,0.0582,-0.0012523091695133548,0.03667070678474427,1.355,17.294090909090908,-0.02037136646180182,0.0
1991-08,0.0232,0.0158,-0.0079,0.0158,0.0046,0.04333333333333326,0.04367816091954024,0.012921839080459761,0.056600000000000004,-0.004421140864788509,0.03669724770642202,1.466818181818182,15.681363636363637,-0.015908264836979713,0.0
1991-09,-0.0159,0.0168,-0.0123,0.0173,0.0046,-0.05333333333333342,0.03799392097264431,0.016506079027355687,0.0545,-0.012354646029679506,0.03674788788264982,1.4685000000000001,16.9565,-0.01934469200524247,0.0
1991-10,0.0129,0.0077,-0.0043,0.0318,0.0042,0.02333333333333326,0.03396226415094339,0.018137735849056612,0.0521,-0.012996935233198226,0.03669724770642202,1.615,16.36391304347826,-0.011640559598299127,0.0
1991-11,-0.042,-0.0051,-0.0177,0.0118,0.0039000000000000003,-0.14666666666666675,0.028485757121439192,0.019614242878560804,0.0481,-0.01519240379810105,0.03667070678474427,1.858421052631579,17.773500000000002,-0.006375380485583504,0.0
1991-12,0.1085,-0.0226,-0.042300000000000004,0.0827,0.0038,-0.16666666666666674,0.030665669409125185,0.013634330590874814,0.0443,-0.007328251563519128,0.03664416586306651,2.0628571428571427,18.347619047619048,0.004829362003084814,0.0
1992-01,-0.0059,0.0848,0.0467,-0.025099999999999997,0.0034000000000000002,-0.5233333333333334,0.02980625931445613,0.010493740685543873,0.0403,-0.004156004836487259,0.036559164998402616,2.0742857142857143,17.68318181818182,0.007336733229858172,0.0
1992-02,0.0108,0.0083,0.06509999999999999,-0.0069,0.0028000000000000004,-0.4266666666666668,0.02672605790645899,0.013873942093541008,0.0406,-0.0017596992149802038,0.03647416413373872,2.1257894736842107,17.47736842105263,0.005334053046102349,0.0
1992-03,-0.0265,-0.0097,0.0349,-0.0023,0.0034000000000000002,-0.26000000000000006,0.028189910979228294,0.011610089020771708,0.0398,-0.0024757584298968904,0.03644096556201504,1.8572727272727272,17.520454545454545,0.01996743776757559,0.0
1992-04,0.0109,-0.061200000000000004,0.0436,-0.025099999999999997,0.0032,0.1566666666666666,0.03189910979228472,0.005400890207715281,0.0373,0.0020928504778285895,0.03640776699029136,2.136190476190476,16.562857142857144,0.03461695279325627,0.0
1992-05,0.003,0.0040999999999999995,0.0111,0.0007000000000000001,0.0028000000000000004,0.25999999999999995,0.031828275351591495,0.006371724648408503,0.0382,0.005102217445132506,0.036385701676963866,2.1665,15.077000000000002,0.03972638518327498,0.0
1992-06,-0.0233,-0.031,0.032400000000000005,-0.005699999999999999,0.0032,0.20666666666666655,0.030235988200590036,0.0073640117994099585,0.037599999999999995,0.0020460772213617417,0.036363636363636376,2.213636363636364,15.203181818181816,0.03341941886534139,0.0
1992-07,0.0378,-0.0045000000000000005,-0.0051,0.015300000000000001,0.0031,0.07666666666666659,0.030147058823529305,0.0023529411764706964,0.0325,-0.0017520509687554142,0.036308164197611514,2.489090909090909,13.601818181818182,0.02563756841098086,0.0
1992-08,-0.023799999999999998,-0.001,-0.0109,-0.0048,0.0026,0.13666666666666658,0.031571218795888534,0.0014287812041114678,0.033,-0.0002570565557029614,0.03625269203158665,2.392857142857143,14.421904761904763,0.03218992232364881,0.0
1992-09,0.011899999999999999,0.0055000000000000005,-0.0019,0.0141,0.0026,-0.046666666666666745,0.030746705710102518,0.0014532942898974818,0.0322,0.0005107175095124816,0.036207262592950484,2.520952380952381,13.696666666666667,0.026429698460063156,0.0
1992-10,0.0102,0.021099999999999997,-0.019799999999999998,0.0258,0.0023,-0.03333333333333341,0.029927007299270114,0.0010729927007298856,0.031,-0.0002200515242591905,0.036161833154314316,2.5061904761904765,17.63681818181818,0.021710235537090616,0.0
1992-11,0.0414,0.0368,-0.0152,-0.0024,0.0023,-0.10333333333333343,0.03279883381924198,-0.0018988338192419824,0.030899999999999997,0.0012276150233534455,0.03611736135216648,2.2936842105263158,14.4245,0.02917078740220802,0.0
1992-12,0.015300000000000001,0.0165,0.0264,0.0446,0.0028000000000000004,0.13333333333333328,0.031204644412191396,-0.0020046444121913955,0.0292,0.0004579387020888781,0.03607288955001864,2.096363636363636,12.191363636363635,0.034710914183461616,0.0
1993-01,0.009300000000000001,0.0189,0.059000000000000004,0.0484,0.0023,0.2566666666666666,0.02966714905933454,0.0005328509406654601,0.0302,-0.0002598582399355731,0.03606763385883005,2.21,12.409,0.04152288897664813,0.0
1993-02,0.0012,-0.0339,0.06480000000000001,0.031200000000000002,0.0022,0.25666666666666665,0.03253796095444694,-0.0022379609544469457,0.030299999999999997,-0.00026087286479503646,0.03606237816764146,2.1605263157894736,13.72157894736842,0.051026982701394274,0.0
1993-03,0.0232,0.0029,0.0126,0.037200000000000004,0.0025,0.2766666666666666,0.032467532467532534,-0.0017675324675325357,0.030699999999999998,0.0012628880553411381,0.03598261463820296,2.0256521739130435,13.60608695652174,0.048685284067500945,0.0
1993-04,-0.0305,-0.0062,0.0255,0.0036,0.0024,-0.030000000000000065,0.030194104960460155,-0.0005941049604601539,0.0296,0.0005269559011256142,0.035902851108764455,2.131904761904762,12.840952380952379,0.03891181483807293,0.0
1993-05,0.028900000000000002,0.0206,-0.0346,0.0019,0.0022,-0.013333333333333383,0.031563845050215145,-0.0015638450502151457,0.03,-0.0009741159042317982,0.03589445182149287,2.0585,13.606,0.033914177146763924,0.0
1993-06,0.003,-0.003,0.0264,0.0454,0.0025,-0.10666666666666673,0.0322118826055835,-0.0018118826055834973,0.0304,-0.0002556498619490366,0.03588605253422128,1.799090909090909,12.524090909090908,0.026622718052738525,0.0
1993-07,-0.0034000000000000002,0.0096,0.0287,0.0323,0.0024,0.05999999999999995,0.029978586723768963,0.0006214132762310393,0.030600000000000002,-0.0002155182366911923,0.03585202917127328,1.7333333333333332,11.50047619047619,0.028411547715022856,0.0
1993-08,0.037200000000000004,0.0011,0.0018,0.0259,0.0025,-0.030000000000000054,0.028469750889679624,0.0018302491103203734,0.030299999999999997,-0.003094094160535521,0.03581800580832528,1.6763636363636365,11.928636363636365,0.021777342523886745,0.0
1993-09,-0.0012,0.030899999999999997,-0.0024,0.034300000000000004,0.0026,-5.551115123125783e-17,0.02840909090909083,0.0024909090909091686,0.030899999999999997,-0.003802791696492669,0.0357833990394284,1.512857142857143,12.931428571428572,0.02628418293185275,0.0
1993-10,0.014199999999999999,0.0199,-0.0278,-0.0269,0.0022,0.11999999999999995,0.027639971651311157,0.002260028348688846,0.029900000000000003,-0.002338615072457806,0.035748792270531515,1.4594999999999998,11.875238095238094,0.02833713227717971,0.0
1993-11,-0.0187,-0.0127,-0.0078000000000000005,-0.048,0.0025,0.2433333333333333,0.02752293577981657,0.0026770642201834303,0.0302,-0.0009468151098630528,0.035742833832925425,1.5685,14.083809523809524,0.02892835100274227,0.0
1993-12,0.0165,0.011899999999999999,0.0025,0.0235,0.0023,0.3533333333333333,0.027445460942997935,0.0021545390570020667,0.0296,-0.0009636299660928938,0.035736875395319334,1.5618181818181818,11.356363636363637,0.02972500941748568,0.0
1994-01,0.0287,0.0033,0.011000000000000001,0.001,0.0025,0.3899999999999999,0.028109627547435068,0.0023903724525649317,0.0305,0.00046965589612391057,0.03566371328821094,1.6105,11.29047619047619,0.03407732938414032,0.0
1994-02,-0.0255,0.0276,-0.0152,-0.0037,0.0021,0.2933333333333333,0.02450980392156854,0.00799019607843146,0.0325,-0.0030131318582480304,0.03559055118110255,1.4989473684210526,13.64421052631579,0.033086266095749384,0.0
1994-03,-0.0479,-0.0108,0.0167,-0.0131,0.0027,0.2666666666666666,0.02515723270440251,0.008242767295597489,0.0334,-0.0022882282385954245,0.03555433820497822,1.4873913043478262,15.223478260869564,0.028734118125557373,0.0
1994-04,0.0068000000000000005,-0.009300000000000001,0.0166,0.0034000000000000002,0.0027,0.4233333333333333,0.026517794836008246,0.009082205163991754,0.0356,-0.0015918327114268216,0.03551812522885389,1.4226315789473685,16.471052631578946,0.04013742016462052,0.0
1994-05,0.0058,-0.0209,0.006,-0.0207,0.0032,0.4866666666666666,0.02364394993045882,0.016456050069541178,0.0401,-0.0008658539911097218,0.03549215219395163,1.2152380952380952,13.897142857142857,0.04342604424720231,0.0
1994-06,-0.0304,-0.0043,0.0177,-0.0088,0.0031,0.5499999999999999,0.02288488210818307,0.019615117891816934,0.0425,-0.0022723505962194412,0.03546617915904937,1.17,13.408636363636363,0.05220887873549018,0.0
1994-07,0.0282,-0.0181,0.0060999999999999995,0.0014000000000000002,0.0028000000000000004,0.37333333333333324,0.02494802494802495,0.01765197505197505,0.0426,-0.0015697698879832966,0.035412647590574386,1.168,12.4845,0.05692891278467149,0.0
1994-08,0.04019999999999999,0.015,-0.0255,0.0154,0.0037,0.3033333333333333,0.0269896193771626,0.017710380622837398,0.0447,0.0033456694467037806,0.0353591160220994,1.058695652173913,11.889130434782608,0.05548865528406344,0.0
1994-09,-0.022799999999999997,0.0304,-0.0181,0.013300000000000001,0.0037,0.43999999999999995,0.02900552486187835,0.01829447513812165,0.0473,0.006120642753695282,0.035356325687817325,1.0647619047619048,13.233333333333333,0.06384761951629092,0.0
1994-10,0.013500000000000002,-0.0216,-0.0166,0.0143,0.0038,0.3299999999999999,0.02965517241379323,0.017944827586206767,0.047599999999999996,0.00470714746576828,0.03535353535353525,1.0154999999999998,15.245238095238093,0.06156180732641192,0.0
1994-11,-0.0403,0.0028000000000000004,-0.0073,-0.0015,0.0037,0.5233333333333333,0.026098901098901228,0.026801098901098774,0.0529,-0.000890718278261371,0.035306542407423924,0.8065,16.383809523809525,0.06231501771426062,0.0
1994-12,0.0086,0.0017000000000000001,-0.0009,0.0345,0.0044,0.4266666666666666,0.026027397260274032,0.028472602739725968,0.0545,-0.002978127601604319,0.0352595494613126,0.22428571428571428,14.177142857142858,0.06471176899192455,0.0
1995-01,0.018000000000000002,-0.0351,0.0259,-0.018000000000000002,0.0042,0.5933333333333333,0.02597402597402576,0.02932597402597424,0.0553,-0.0036811464397674687,0.0351986256328406,0.2725,12.274285714285714,0.06925835091579047,0.0
1995-02,0.0363,-0.0060999999999999995,0.009899999999999999,-0.0046,0.004,0.4233333333333333,0.028708133971291794,0.03049186602870821,0.0592,0.0026092328723905656,0.03513770180436859,0.35789473684210527,11.47,0.06800469318244806,0.0
1995-03,0.0219,-0.002,-0.0213,0.0042,0.0046,0.16333333333333325,0.02862985685071595,0.031170143149284055,0.059800000000000006,0.002602459590441919,0.035101592769526846,0.42913043478260865,12.166521739130435,0.06617845269116707,0.0
1995-04,0.021099999999999997,-0.0051,0.0167,0.0179,0.0044,-0.06666666666666675,0.027872195785180187,0.03262780421481981,0.0605,0.0018981698111544265,0.0350654837346851,0.4947368421052632,12.442631578947369,0.057165348260771465,0.0
1995-05,0.028999999999999998,-0.0253,0.022799999999999997,-0.0055000000000000005,0.0054,-0.2900000000000001,0.03125000000000022,0.02884999999999978,0.0601,0.0025418660287084283,0.03506075054099633,0.46181818181818185,12.265909090909092,0.049136308638682014,0.0
1995-06,0.027200000000000002,0.0317,-0.0254,0.030299999999999997,0.004699999999999999,-0.2000000000000001,0.031186440677966054,0.028813559322033944,0.06,0.002556583827250103,0.035056017347307566,0.4522727272727272,11.896818181818183,0.04945992374531105,0.0
1995-07,0.0371,0.0209,-0.0158,0.0252,0.0045000000000000005,-0.10000000000000009,0.030425963488843744,0.028074036511156253,0.058499999999999996,0.0025537677036635564,0.03502800867365374,0.49799999999999994,12.514,0.04587732144288292,0.0
1995-08,0.0055000000000000005,0.0131,0.0268,0.0014000000000000002,0.004699999999999999,-0.1133333333333334,0.028301886792452713,0.029098113207547287,0.0574,-0.002948113207547509,0.03499999999999992,0.5073913043478261,12.798260869565217,0.04012060921624383,0.0
1995-09,0.0336,-0.0216,-0.0011,0.0287,0.0043,0.1266666666666666,0.026174496644295386,0.03182550335570461,0.057999999999999996,-0.005011944033670668,0.03499813849590472,0.3915,12.057,0.04689029105863818,0.0
1995-10,-0.0151,-0.038,-0.0049,0.0418,0.004699999999999999,0.09333333333333327,0.0254521098459477,0.0321478901540523,0.0576,-0.004973853642896042,0.034996276991809516,0.3476190476190476,14.357272727272727,0.047816808149161005,0.0
1995-11,0.039599999999999996,-0.011200000000000002,0.0052,-0.0072,0.0042,0.19333333333333327,0.027443105756358666,0.03055689424364133,0.057999999999999996,-0.0008587810360940473,0.03495449759814917,0.45142857142857146,12.46904761904762,0.037627368685886786,0.0
1995-12,0.0104,0.0066,0.0024,0.024900000000000002,0.0049,-0.0433333333333334,0.02603471295060067,0.029965287049399325,0.055999999999999994,-0.00013978369369471721,0.034912718204488824,0.387,11.7485,0.033298500978240275,0.0
1996-01,0.0226,-0.028300000000000002,0.0046,0.0054,0.0043,-0.06333333333333341,0.025316455696202667,0.03028354430379733,0.0556,-0.00013565414974503476,0.034889005694954345,0.54,13.473636363636365,0.026396897921781903,0.0
1996-02,0.013300000000000001,0.0179,-0.0105,0.005600000000000001,0.0039000000000000003,-0.25666666666666677,0.027906976744185963,0.024293023255814034,0.052199999999999996,0.0004638709878272973,0.034865293185419866,0.78,15.032999999999998,0.018788215519394358,0.0
1996-03,0.0074,0.0143,0.0042,-0.018500000000000003,0.0039000000000000003,-0.020000000000000056,0.02717031146454607,0.025929688535453924,0.053099999999999994,0.0011355985139454017,0.03485608904255155,0.6076190476190476,17.76238095238095,0.03486578736673551,0.0
1996-04,0.0206,0.052000000000000005,-0.0397,-0.009399999999999999,0.0046,-0.09000000000000004,0.028439153439153486,0.02376084656084651,0.052199999999999996,0.0031226977429508196,0.03484688489968324,0.5540909090909091,16.575238095238095,0.03188414739319012,0.0
1996-05,0.0236,0.032,-0.009000000000000001,0.016,0.0042,0.34333333333333327,0.02832674571805005,0.024073254281949952,0.0524,0.0004197689738640875,0.03471450873226245,0.6418181818181817,16.14636363636364,0.043953913710418346,0.0
1996-06,-0.0113,-0.04,0.0233,0.01,0.004,0.22999999999999995,0.02827087442472065,0.024429125575279348,0.0527,0.0011005629601745781,0.03458213256484166,0.615,16.395,0.04661591494286932,0.0
1996-07,-0.0596,-0.043,0.0519,-0.0014000000000000002,0.0045000000000000005,0.39333333333333326,0.028215223097112663,0.025784776902887344,0.054000000000000006,-0.0002239303420408234,0.03449648859733223,0.5954545454545455,17.978636363636365,0.05110978907668273,0.0
1996-08,0.0277,0.0245,-0.008199999999999999,-0.0002,0.0040999999999999995,0.26999999999999996,0.028833551769331667,0.02336644823066833,0.052199999999999996,0.0005068060512816164,0.0344108446298228,0.6063636363636363,15.760454545454547,0.055685360434726494,0.0
1996-09,0.0501,-0.0102,-0.0274,0.026600000000000002,0.0044,0.20999999999999994,0.028122956180510084,0.024877043819489915,0.053,-0.00014791824421056532,0.03427859304661873,0.598,16.578,0.047206454365575024,0.0
1996-10,0.0087,-0.043899999999999995,0.048799999999999996,0.0378,0.0042,0.19333333333333327,0.030045721750489918,0.022354278249510084,0.0524,0.001830498653377255,0.034146341463414664,0.620909090909091,16.38173913043478,0.04952801645891314,0.0
1996-11,0.0625,-0.0404,0.013999999999999999,-0.023399999999999997,0.0040999999999999995,0.18999999999999995,0.030618892508143203,0.02248110749185679,0.053099999999999994,0.001785340738811536,0.03410480090202361,0.5021052631578947,15.997,0.051687226016922994,0.0
1996-12,-0.017,0.031200000000000002,0.0128,0.005699999999999999,0.0046,0.27999999999999997,0.03253090435914108,0.020369095640858925,0.0529,0.004407948178630994,0.03406326034063256,0.5204761904761904,19.260952380952382,0.05855898562613082,0.0
1997-01,0.0496,-0.019299999999999998,-0.0144,0.0187,0.0045000000000000005,0.19999999999999996,0.03378817413905133,0.018711825860948668,0.0525,0.0037424523885614125,0.034012762245787975,0.570952380952381,19.473333333333333,0.06165643121709419,0.0
1997-02,-0.0048,-0.0316,0.056100000000000004,-0.0208,0.0039000000000000003,0.27333333333333326,0.030381383322559907,0.021518616677440094,0.0519,-0.0002375091855832956,0.03396226415094339,0.5210526315789474,20.139473684210525,0.06946049233947327,0.0
1997-03,-0.050199999999999995,-0.0033,0.0339,0.0091,0.0043,0.3833333333333333,0.030322580645161246,0.02357741935483875,0.053899999999999997,-0.0022083237139798317,0.03387521914499736,0.4725,20.169999999999998,0.06661807501031536,0.0
1997-04,0.0404,-0.0574,0.0,0.0482,0.0043,0.4633333333333332,0.027652733118971096,0.0274472668810289,0.055099999999999996,-0.0061354410200802345,0.03378817413905133,0.43727272727272726,19.662272727272725,0.07470272474009643,0.0
1997-05,0.0673,0.0512,-0.041100000000000005,-0.0521,0.0049,0.3999999999999999,0.02434336963484962,0.03065663036515038,0.055,-0.006038013687710286,0.03369157529558531,0.4342857142857143,19.924761904761905,0.06536171976339267,0.0
1997-06,0.040999999999999995,0.0121,0.0144,0.0259,0.0037,0.19999999999999996,0.02237851662404089,0.03322148337595911,0.0556,-0.007944064021120356,0.033594976452119285,0.3990476190476191,20.194285714285712,0.06331688761977006,0.0
1997-07,0.0731,-0.0273,0.0013,0.037000000000000005,0.0043,0.22666666666666666,0.02233567326100827,0.03286432673899173,0.0552,-0.005317059857962825,0.033583202511773935,0.32954545454545453,20.529090909090908,0.06012329789391524,0.0
1997-08,-0.040999999999999995,0.07150000000000001,0.0113,-0.026000000000000002,0.0040999999999999995,0.4166666666666667,0.021656050955414008,0.03374394904458599,0.0554,-0.002687318679435613,0.033571428571428585,0.3595238095238095,23.084761904761905,0.06901473595485519,0.0
1997-09,0.053399999999999996,0.0254,0.0024,0.0147,0.0044,0.4433333333333333,0.022900763358778775,0.03249923664122122,0.0554,0.0005222467347378856,0.03354816639299396,0.32666666666666666,23.812380952380952,0.07421174007233544,0.0
1997-10,-0.038,-0.0070999999999999995,0.0233,-0.0053,0.0042,0.5266666666666666,0.0221940393151554,0.0328059606848446,0.055,-0.00014163394585287037,0.03352490421455934,0.25772727272727275,23.87086956521739,0.07730771347479815,0.0
1997-11,0.029900000000000003,-0.051100000000000007,0.012199999999999999,0.0040999999999999995,0.0039000000000000003,0.45999999999999996,0.020859671302149163,0.034340328697850836,0.0552,-0.0007963796532648448,0.03325200872142409,0.1622222222222222,32.20611111111111,0.08653836077256005,0.0
1997-12,0.013300000000000001,-0.0248,0.0374,0.0392,0.0048,0.5633333333333334,0.018903591682419618,0.03609640831758038,0.055,-0.003997171676359157,0.03297911322828884,0.09363636363636364,26.276363636363637,0.08512624010737335,0.0
1998-01,0.0015,-0.0101,-0.0168,0.0008,0.0043,0.37333333333333335,0.016970458830924073,0.03862954116907592,0.0556,-0.005223580484231327,0.03289295880126464,0.1875,23.8665,0.08280957988374027,0.0
1998-02,0.0703,0.0013,-0.009300000000000001,-0.012,0.0039000000000000003,0.3266666666666667,0.016311166875784044,0.03878883312421595,0.055099999999999996,-0.004548504426365119,0.03280680437424044,0.1568421052631579,19.998947368421053,0.0858347433946034,0.0
1998-03,0.047599999999999996,-0.011899999999999999,0.0138,0.021400000000000002,0.0039000000000000003,0.2333333333333333,0.01440200375704448,0.040497996242955525,0.054900000000000004,-0.004501587925375139,0.03280281909674121,0.08590909090909092,20.158636363636365,0.07476143150007708,0.0
1998-04,0.0074,0.0006,0.0103,0.0076,0.0043,0.21,0.013767209011263937,0.04073279098873606,0.0545,-0.0032032498196601367,0.03279883381924198,0.07333333333333333,22.02857142857143,0.06835942439493192,0.0
1998-05,-0.030699999999999998,-0.034,0.0341,0.0192,0.004,0.18666666666666668,0.014383989993745905,0.0405160100062541,0.054900000000000004,-0.0019271768820381396,0.032757105023034305,0.059,20.874000000000002,0.07077008185695677,0.0
1998-06,0.0319,-0.0317,-0.0203,0.0731,0.0040999999999999995,0.17,0.016885553470919357,0.03871444652908064,0.0556,0.0024835497138748774,0.03271537622682663,-0.023636363636363636,21.66272727272727,0.07188999827918208,0.0
1998-07,-0.0242,-0.0483,-0.0183,0.037599999999999995,0.004,0.026666666666666672,0.01622971285892638,0.039170287141073616,0.0554,0.002462503847662445,0.032689346404870645,0.0031818181818181815,19.930000000000003,0.06058575229559682,0.0
1998-08,-0.1605,-0.0547,0.035699999999999996,0.0187,0.0043,-0.20999999999999996,0.0174563591022443,0.0380436408977557,0.0555,0.003072369108498396,0.03266331658291466,0.07333333333333333,31.58809523809524,0.047558713849327416,0.0
1998-09,0.061900000000000004,-0.0002,-0.0351,-0.0063,0.0046,0.050000000000000044,0.016169154228855787,0.03893084577114421,0.055099999999999996,-0.0007163992420635701,0.03262238510850002,0.14047619047619048,38.2047619047619,0.05865515150473688,0.0
1998-10,0.0698,-0.0298,-0.0233,-0.053200000000000004,0.0032,0.19333333333333336,0.014267990074441794,0.03643200992555821,0.0507,-0.0019617227844845875,0.03258145363408538,0.43809523809523804,36.60818181818182,0.04848836473856544,0.0
1998-11,0.060700000000000004,0.0126,-0.032400000000000005,0.0113,0.0031,0.44333333333333336,0.014860681114551078,0.033439318885448925,0.0483,-0.0025956779876932234,0.03255970729426616,0.28736842105263155,26.223000000000003,0.046377943832389246,0.0
1998-12,0.061500000000000006,-0.0046,-0.0425,0.08869999999999999,0.0038,0.10666666666666667,0.014842300556586308,0.03195769944341369,0.046799999999999994,-0.001326853672269479,0.03253796095444694,0.13863636363636364,25.479090909090907,0.03741486019967022,0.0
1999-01,0.0348,0.0067,-0.0446,0.028300000000000002,0.0034999999999999996,0.19333333333333336,0.01606922126081578,0.03023077873918422,0.0463,0.001801231186373986,0.03253443265679401,0.1068421052631579,28.035263157894736,0.037695732652959,0.0
1999-02,-0.0408,-0.0602,0.0195,-0.0007000000000000001,0.0034999999999999996,0.13666666666666666,0.016666666666666607,0.03093333333333339,0.047599999999999996,0.00180598555211553,0.03253090435914108,0.12263157894736842,28.82263157894737,0.03763083805136991,0.0
1999-03,0.0348,-0.0384,-0.026099999999999998,-0.012199999999999999,0.0043,0.3,0.016666666666666607,0.03143333333333339,0.0481,0.0018243661100803,0.03250231941930304,0.17956521739130435,25.309565217391306,0.04225398806274816,0.0
1999-04,0.0434,0.038900000000000004,0.024,-0.0888,0.0037,0.19000000000000003,0.01728395061728394,0.030116049382716066,0.047400000000000005,0.0012147293564681583,0.032473734479465,0.20772727272727273,23.478571428571428,0.04425125461604007,0.0
1999-05,-0.0246,0.0332,0.024900000000000002,-0.0528,0.0034000000000000002,0.15333333333333335,0.02281134401972884,0.024588655980271164,0.047400000000000005,0.006144677353062233,0.03247063347349877,0.28500000000000003,26.204500000000003,0.04307254602909483,0.0
1999-06,0.04769999999999999,0.0323,-0.0322,0.04650000000000001,0.004,0.16,0.02091020910209096,0.026689790897909037,0.047599999999999996,0.004243542435424352,0.032467532467532534,0.2809090909090909,23.626363636363635,0.0427940147673862,0.0
1999-07,-0.0349,0.0248,-0.0018,0.017,0.0038,0.16,0.019656019656019597,0.030243980343980403,0.0499,0.002372069038735658,0.03242081659347851,0.23714285714285716,21.04904761904762,0.048264186888740124,0.0
1999-08,-0.0137,-0.0095,-0.019299999999999998,0.029300000000000003,0.0039000000000000003,0.22333333333333336,0.021446078431372584,0.029253921568627418,0.0507,-0.001365265588356257,0.03237410071942448,0.2609090909090909,24.323636363636364,0.058399784138435606,0.0
1999-09,-0.0277,0.031200000000000002,-0.028999999999999998,0.064,0.0039000000000000003,0.15,0.022643818849449104,0.029556181150550892,0.052199999999999996,0.0017336097473581447,0.03236212172032116,0.25333333333333335,24.541428571428572,0.04109544569149426,0.0
1999-10,0.060899999999999996,-0.0694,-0.0288,0.053899999999999997,0.0039000000000000003,0.11333333333333334,0.02629969418960254,0.025700305810397464,0.052000000000000005,0.006643674533582944,0.032350142721217834,0.2495,24.021428571428572,0.0374445634155085,0.0
1999-11,0.0341,0.0687,-0.0565,0.0548,0.0036,0.3,0.0256253813300793,0.0285746186699207,0.0542,0.004179302898706716,0.03230410361867353,0.172,21.81809523809524,0.0429950432876991,0.0
1999-12,0.0766,0.06559999999999999,-0.0766,0.13119999999999998,0.0044,0.31,0.026203534430225606,0.026796465569774393,0.053,0.0035597155807765013,0.032258064516129226,0.1709090909090909,22.15909090909091,0.04884601547870515,0.0
2000-01,-0.047400000000000005,0.0516,-0.011200000000000002,0.018500000000000003,0.0040999999999999995,0.5733333333333334,0.02676399026763998,0.02773600973236002,0.0545,0.00046429607803744055,0.03223497356085636,0.221,23.202,0.052169171875089626,0.0
2000-02,0.0246,0.2125,-0.0977,0.1802,0.0043,0.37666666666666665,0.02792956891317555,0.029370431086824453,0.057300000000000004,0.002304187583096251,0.0322118826055835,-0.091,23.5955,0.04620955049951481,0.0
2000-03,0.0521,-0.1741,0.085,-0.0684,0.004699999999999999,0.17666666666666667,0.032179720704310855,0.026320279295689142,0.058499999999999996,0.005976186274085249,0.032195801654947176,-0.2717391304347826,22.718260869565217,0.04313335681097841,0.0
2000-04,-0.0639,-0.06,0.0645,-0.0858,0.0046,0.12333333333333334,0.03762135922330101,0.022578640776698987,0.0602,0.010857368955661029,0.0322118826055835,-0.4131578947368421,27.164210526315788,0.04447293166354416,0.0
2000-05,-0.043899999999999995,-0.0608,0.045899999999999996,-0.08929999999999999,0.005,0.21,0.03013863773357439,0.0325613622664256,0.06269999999999999,0.0022090688203988407,0.032195801654947176,-0.3690909090909091,26.37318181818182,0.048280268462447484,0.0
2000-06,0.046799999999999994,0.12710000000000002,-0.08039999999999999,0.166,0.004,0.17,0.031325301204819134,0.03397469879518086,0.0653,-0.0008544194994917209,0.032179720704310855,-0.3845454545454546,21.54,0.044514690645768074,0.0
2000-07,-0.0248,-0.028399999999999998,0.0806,-0.0016,0.0048,0.06666666666666667,0.03734939759036138,0.028050602409638623,0.0654,-0.0002719616329396324,0.032195801654947176,-0.28500000000000003,19.893,0.04574285752844154,0.0
2000-08,0.0703,-0.005,-0.0137,0.056100000000000004,0.005,-0.17,0.03599280143971195,0.02900719856028805,0.065,0.005854163706137561,0.0322118826055835,-0.4026086956521739,18.088695652173914,0.037698485910728996,0.0
2000-09,-0.054400000000000004,-0.0174,0.0724,0.019299999999999998,0.0051,-0.17333333333333334,0.033512866546977715,0.03168713345302228,0.0652,0.0021875653421585817,0.03223497356085636,-0.28250000000000003,19.6875,0.030734226950164922,0.0
2000-10,-0.0278,-0.0385,0.0558,-0.0449,0.005600000000000001,-0.09666666666666666,0.0345649582836709,0.030535041716329092,0.06509999999999999,-0.0027844393066904782,0.032258064516129226,-0.1738095238095238,25.2,0.03968806853188922,0.0
2000-11,-0.107,-0.0308,0.12240000000000001,-0.0218,0.0051,-0.17333333333333334,0.03450327186198687,0.03059672813801312,0.06509999999999999,-0.0014895295777250794,0.03230410361867353,-0.15809523809523812,26.38285714285714,0.023142184859096693,0.0
2000-12,0.0118,0.008199999999999999,0.0755,0.0665,0.005,-0.17333333333333334,0.03444180522565321,0.02955819477434679,0.064,0.000928938678675495,0.032350142721217834,-0.1115,26.5305,0.018491278756576968,0.0
2001-01,0.0325,0.0641,-0.050499999999999996,-0.2535,0.0054,-0.3833333333333333,0.03436018957345954,0.025439810426540463,0.059800000000000006,-0.000204768710211356,0.03236212172032116,0.40095238095238095,24.918571428571425,0.007397718173229428,0.0
2001-02,-0.1003,-0.006500000000000001,0.1223,0.126,0.0038,-0.43,0.037212049616065945,0.01768795038393406,0.054900000000000004,0.0027087777540790725,0.03237410071942448,0.4421052631578948,23.411578947368422,0.003976490637767949,0.0
2001-03,-0.0725,0.0026,0.0647,0.0862,0.0042,-0.5,0.03529411764705892,0.017805882352941074,0.053099999999999994,0.0008523124214057098,0.03242081659347851,0.5431818181818181,28.49681818181818,-0.0056684588652845536,0.0
2001-04,0.0793,0.005,-0.0464,-0.0796,0.0039000000000000003,-0.64,0.029824561403508643,0.01817543859649136,0.048,-0.0045356281699509005,0.03237410071942448,0.907,28.133999999999997,-0.011222957252491561,1.0
2001-05,0.0068000000000000005,0.0248,0.0338,0.022099999999999998,0.0032,-0.7166666666666667,0.03218256290228205,0.009917437097717946,0.0421,-0.005029486713783893,0.03236212172032116,1.1313636363636363,22.944090909090907,-0.020602186217959284,1.0
2001-06,-0.0194,0.0635,-0.0126,0.006500000000000001,0.0028000000000000004,-0.6699999999999999,0.035630841121495394,0.004069158878504606,0.0397,0.0003367234744364733,0.03237410071942448,1.2042857142857142,20.94047619047619,-0.02791181055600911,1.0
2001-07,-0.0213,-0.0405,0.0495,0.0546,0.003,-0.7466666666666667,0.03193960511033689,0.005760394889663109,0.0377,0.0021150437068282457,0.03236212172032116,1.1976190476190476,22.316190476190474,-0.033422163718917375,1.0
2001-08,-0.064,0.0219,0.0286,0.055,0.0031,-0.6266666666666666,0.027214823393167498,0.0092851766068325,0.0365,-0.004967739509114555,0.032350142721217834,1.2139130434782608,21.86173913043478,-0.03773511714911293,1.0
2001-09,-0.0924,-0.0623,0.0152,0.114,0.0028000000000000004,-0.6266666666666666,0.027214823393167498,0.0034851766068325005,0.030699999999999998,-0.008416017728327896,0.03230410361867353,1.6129411764705883,35.065333333333335,-0.036215277665228585,1.0
2001-10,0.0248,0.07490000000000001,-0.0731,-0.0837,0.0022,-0.6933333333333334,0.025921658986175045,-0.0010216589861750426,0.024900000000000002,-0.006017946124161844,0.032258064516129226,1.8409090909090908,32.72130434782609,-0.045501574545704804,1.0
2001-11,0.0753,-0.005699999999999999,0.0217,-0.0863,0.0017000000000000001,-0.5766666666666667,0.02127659574468077,-0.0003765957446807723,0.0209,-0.005938227648486727,0.03223497356085636,1.8690000000000002,26.63095238095238,-0.04440502321905382,1.0
2001-12,0.0161,0.0472,0.0083,0.0004,0.0015,-0.7033333333333335,0.01894374282433997,-0.0007437428243399699,0.0182,-0.008271080568827527,0.0322118826055835,1.9805,23.72,-0.05044913960783126,0.0
2002-01,-0.0144,0.011699999999999999,0.0342,0.0366,0.0014000000000000002,-0.4366666666666667,0.01603665521191311,0.0012633447880868905,0.0173,-0.009885003774261936,0.032197222753932775,2.0076190476190474,22.252857142857142,-0.04774776238202749,0.0
2002-02,-0.023,-0.0108,0.023399999999999997,0.06849999999999999,0.0013,-0.39333333333333337,0.011958997722095743,0.0054410022779042555,0.0174,-0.009317598022585027,0.03218256290228205,1.8963157894736842,22.87578947368421,-0.03682618441383212,0.0
2002-03,0.0424,0.0409,0.0108,-0.0166,0.0013,-0.15666666666666668,0.011363636363636465,0.005936363636363535,0.0173,-0.007580106460703506,0.032181141803296454,1.7265000000000001,18.985,-0.030399744149724905,0.0
2002-04,-0.0521,0.0582,0.0401,0.0765,0.0015,-0.06,0.013628620102214661,0.0038713798977853403,0.0175,-0.0024080351096984476,0.032179720704310855,1.7881818181818183,19.900454545454547,-0.021374903694403535,0.0
2002-05,-0.013600000000000001,-0.0327,0.0152,0.031200000000000002,0.0014000000000000002,0.00999999999999999,0.01643990929705219,0.0010600907029478107,0.0175,0.004480911574956448,0.032137810854862336,1.9004545454545456,20.087727272727275,-0.013053329089064758,0.0
2002-06,-0.0723,0.0408,0.0037,0.0622,0.0013,0.06666666666666667,0.012408347433727984,0.0050916525662720175,0.0175,0.0010447110700915196,0.03209590100541382,1.9335,25.271,-0.00433288510383989,0.0
2002-07,-0.0819,-0.0525,-0.0351,0.0363,0.0015,0.17666666666666667,0.010692177827799743,0.006607822172200257,0.0173,-0.002936442274414919,0.03204544109241836,2.096363636363636,34.04954545454546,0.00920910919642548,0.0
2002-08,0.005,-0.027999999999999997,0.0301,0.0184,0.0014000000000000002,0.033333333333333326,0.01465614430665152,0.0027438556933484792,0.0174,-0.0017837649904006714,0.0319949811794229,2.1236363636363635,33.74272727272727,0.015386975548359105,0.0
2002-09,-0.10339999999999999,0.0242,0.0126,0.0901,0.0014000000000000002,-0.013333333333333345,0.01747463359639223,2.5366403607771093e-05,0.0175,0.005066286162664246,0.03198996471953275,1.8655000000000002,37.6475,0.015424836015125454,0.0
2002-10,0.0784,-0.034,-0.037599999999999995,-0.0558,0.0014000000000000002,-0.22666666666666668,0.01516002245929271,0.0023399775407072915,0.0175,0.004467844631492968,0.0319849482596426,2.0290909090909093,35.24304347826087,0.021460644405257412,0.0
2002-11,0.0596,0.0326,-0.0116,-0.16449999999999998,0.0012,-0.25333333333333335,0.020270270270270174,-0.006870270270270174,0.0134,0.005614125963618655,0.03196227668498974,2.125263157894737,28.175,0.022135422551443185,0.0
2002-12,-0.0576,-0.0004,0.021099999999999997,0.0971,0.0011,-0.18333333333333332,0.022535211267605604,-0.010135211267605604,0.0124,0.005060577671213373,0.03193960511033689,2.1961904761904765,28.21047619047619,0.034115039217915255,0.0
2003-01,-0.025699999999999997,0.0134,-0.0079,0.0154,0.001,-0.26666666666666666,0.024802705749718212,-0.012402705749718213,0.0124,0.009642683290425502,0.031919357451310804,2.305238095238095,27.424285714285713,0.02880394484854265,0.0
2003-02,-0.018799999999999997,-0.0044,-0.013600000000000001,0.012,0.0009,-0.01999999999999998,0.02757456387169399,-0.014974563871693991,0.0126,0.007304293601423817,0.03189910979228472,2.274736842105263,32.21842105263158,0.03071140654513904,0.0
2003-03,0.0109,0.011699999999999999,-0.021099999999999997,0.014199999999999999,0.001,-0.21999999999999997,0.03146067415730336,-0.018960674157303358,0.0125,0.008925462889697755,0.03188092744516202,2.2333333333333334,30.634285714285717,0.031817124112425654,0.0
2003-04,0.0818,0.0076,0.012199999999999999,-0.0934,0.001,-0.08333333333333333,0.03025210084033625,-0.01765210084033625,0.0126,0.005449395090618037,0.031862745098039325,2.336190476190476,23.99190476190476,0.021709435832793167,0.0
2003-05,0.0605,0.0461,0.006999999999999999,-0.1072,0.0009,-0.42333333333333334,0.02175125488008911,-0.00915125488008911,0.0126,-0.005823308991604881,0.03184551022481541,2.1538095238095236,20.23952380952381,0.010688138922369639,0.0
2003-06,0.014199999999999999,0.017,0.0014000000000000002,-0.0124,0.001,-0.26666666666666666,0.018941504178273005,-0.006741504178273006,0.012199999999999999,-0.012519169979030353,0.031828275351591495,2.107142857142857,20.362380952380953,0.0063692143524076705,0.0
2003-07,0.0233,0.0493,-0.015300000000000001,-0.0028000000000000004,0.0007000000000000001,-0.16,0.01948775055679297,-0.009387750556792971,0.0101,-0.010764350283543278,0.03180655821369316,2.5013636363636365,19.161363636363635,-0.0005887145406980876,0.0
2003-08,0.0233,0.024399999999999998,0.016399999999999998,-0.0059,0.0007000000000000001,0.08,0.020555555555555438,-0.010255555555555438,0.0103,-0.0011956993245336722,0.03178484107579482,2.580952380952381,19.274285714285714,0.004870038565500057,0.0
2003-09,-0.0124,0.0085,0.0014000000000000002,-0.0007000000000000001,0.0008,0.026666666666666672,0.02216066481994461,-0.01206066481994461,0.0101,0.0032191606416716034,0.03170874706850968,2.568095238095238,19.532380952380954,0.0037923869625795525,0.0
2003-10,0.0608,0.0259,0.022099999999999998,0.039900000000000005,0.0007000000000000001,0.09666666666666666,0.02378318584070782,-0.013683185840707822,0.0101,0.00429543528391485,0.031632653061224536,2.5427272727272725,18.023478260869567,0.009407289987876988,0.0
2003-11,0.013500000000000002,0.0206,0.0172,0.0137,0.0007000000000000001,0.11333333333333333,0.02041942604856528,-0.010419426048565281,0.01,-0.0001361295069901569,0.031601935928556535,2.373333333333333,17.40105263157895,0.012759729528664998,0.0
2003-12,0.0429,-0.0268,0.0151,-0.0553,0.0008,0.3233333333333333,0.019283746556473913,-0.009483746556473913,0.0098,-0.002876918263470696,0.031571218795888534,2.3604545454545454,16.826363636363638,0.013870339041739621,0.0
2004-01,0.0215,0.0254,0.0242,0.0256,0.0007000000000000001,0.22,0.020352035203520247,-0.010352035203520247,0.01,-0.0034311506371875744,0.03156753192305184,2.3895,16.101,0.019841883950955763,0.0
2004-02,0.013999999999999999,-0.015700000000000002,0.0095,-0.0118,0.0006,0.18999999999999997,0.020262869660460092,-0.010162869660460093,0.0101,-0.00015655638810518901,0.031563845050215145,2.3442105263157895,15.99842105263158,0.012763588097255418,0.0
2004-03,-0.0132,0.0173,0.0023,0.002,0.0009,0.18333333333333335,0.01688453159041381,-0.006884531590413809,0.01,-0.0023992149660601036,0.03151225960375925,2.248695652173913,17.687391304347827,0.017663898756903773,0.0
2004-04,-0.0181,-0.0173,-0.0323,-0.0533,0.0008,0.35333333333333333,0.017400761283306032,-0.007400761283306032,0.01,-0.0029512739202142146,0.03146067415730336,2.276666666666667,15.69857142857143,0.01626375894029275,0.0
2004-05,0.0118,-0.0023,-0.0018,0.0149,0.0006,0.36333333333333334,0.022925764192139875,-0.012925764192139875,0.01,0.0026628945316797825,0.031392987681061246,2.182,17.705000000000002,0.02615123170170186,0.0
2004-06,0.018500000000000003,0.0225,0.0121,0.0206,0.0008,0.39666666666666667,0.028977583378895444,-0.018677583378895444,0.0103,0.012093051788481635,0.031325301204819134,1.9704761904761903,15.342727272727274,0.0338458309862264,0.0
2004-07,-0.0404,-0.037599999999999995,0.0322,-0.0223,0.001,0.12,0.03167667941015839,-0.019076679410158393,0.0126,0.01427591812685236,0.031392987681061246,1.8595238095238094,15.502380952380953,0.024470313625517992,0.0
2004-08,0.0007000000000000001,-0.0152,0.0108,-0.015600000000000001,0.0011,0.25333333333333335,0.02939575394665228,-0.01509575394665228,0.0143,0.006469989754512406,0.031325301204819134,1.7731818181818182,16.68409090909091,0.026848554355043186,0.0
2004-09,0.016,0.0301,-0.0005,0.0548,0.0011,0.16666666666666663,0.025474254742547275,-0.009374254742547276,0.0161,-0.0035033286363481686,0.03131676912644987,1.6004761904761904,14.08095238095238,0.029784524146032165,0.0
2004-10,0.014199999999999999,0.0013,-0.0026,-0.0143,0.0011,0.31666666666666665,0.025391680172879516,-0.007791680172879515,0.0176,-0.0062849992372788765,0.03130823704808061,1.5125,14.973809523809523,0.02448803847620762,0.0
2004-11,0.0453,0.0374,0.015700000000000002,0.030699999999999998,0.0015,0.3033333333333333,0.03190914007571655,-0.012609140075716549,0.019299999999999998,0.0025133861290642656,0.03131676912644987,1.342,13.577619047619047,0.03195748461556924,0.0
2004-12,0.0342,-0.0003,-0.0023,-0.0285,0.0016,0.21666666666666665,0.03621621621621607,-0.014616216216216067,0.0216,0.010741961473668793,0.031325301204819134,1.219090909090909,12.459545454545456,0.02763005391785356,0.0
2005-01,-0.0275,-0.0166,0.0206,0.031200000000000002,0.0016,0.44333333333333336,0.033423180592991875,-0.010623180592991877,0.022799999999999997,0.008031500420112359,0.031392987681061246,0.999,13.437999999999999,0.03551152067738861,0.0
2005-02,0.018799999999999997,-0.005699999999999999,0.0141,0.034300000000000004,0.0016,0.35999999999999993,0.028448738593666034,-0.003448738593666033,0.025,-0.0034604014820505125,0.031325301204819134,0.7805263157894737,11.708947368421052,0.037656681883018184,0.0
2005-03,-0.0194,-0.0141,0.0207,0.0043,0.0021,0.48,0.030530262453133394,-0.004230262453133394,0.0263,-0.005685953763082674,0.03131676912644987,0.770909090909091,13.126363636363635,0.03892187869790664,0.0
2005-04,-0.026099999999999998,-0.0393,0.0005,-0.006999999999999999,0.0021,0.10333333333333329,0.032068412613575736,-0.004168412613575735,0.0279,-0.0013547679794161382,0.031325301204819134,0.6871428571428572,14.459047619047618,0.04168552298887196,0.0
2005-05,0.0365,0.0286,-0.0058,0.0037,0.0024,0.22999999999999995,0.03361792956243326,-0.0036179295624332586,0.03,0.005169190968767223,0.031392987681061246,0.5004761904761905,13.967619047619047,0.04006456472613795,0.0
2005-06,0.0058,0.0256,0.027999999999999997,0.0208,0.0023,0.08999999999999993,0.02869287991498415,0.0017071200850158515,0.0304,-0.001837382538149246,0.031325301204819134,0.3577272727272727,11.868636363636364,0.03353479064927534,0.0
2005-07,0.0392,0.0287,-0.0078000000000000005,0.0004,0.0024,0.3199999999999999,0.02541026998411855,0.007189730015881447,0.0326,-0.006658142629457187,0.03131676912644987,0.3065,11.049,0.046347083589064475,0.0
2005-08,-0.012,-0.010700000000000001,0.0134,0.0207,0.003,0.11333333333333329,0.03067160232681121,0.004328397673188794,0.035,-0.0029463272356220482,0.03130823704808061,0.21826086956521742,12.951304347826087,0.03529849334526092,0.0
2005-09,0.0048,-0.0062,0.0078000000000000005,0.0346,0.0029,0.18999999999999995,0.03646934460887952,-0.000269344608879514,0.0362,0.0077764646938953685,0.03131676912644987,0.2528571428571429,12.628095238095238,0.03797594088074363,0.0
2005-10,-0.0204,-0.013000000000000001,0.0043,-0.0118,0.0027,-0.15333333333333338,0.04741833508956805,-0.009618335089568053,0.0378,0.022008065105449504,0.031325301204819134,0.1925,14.937619047619048,0.016574450087309733,0.0
2005-11,0.0361,0.0105,-0.011899999999999999,0.0033,0.0031,0.07999999999999996,0.04350104821802936,-0.003501048218029358,0.04,0.01282944589121815,0.031392987681061246,0.11850000000000001,12.147619047619047,0.020209103457029087,0.0
2005-12,-0.0024,-0.0044,0.0015,0.0079,0.0032,0.25999999999999995,0.03338549817423053,0.008214501825769466,0.0416,-0.0030838464346489847,0.03146067415730336,0.06285714285714286,11.26,0.029120723180627417,0.0
2006-01,0.030299999999999997,0.0546,0.009899999999999999,0.0253,0.0034999999999999996,0.5766666666666667,0.03338549817423053,0.009514501825769468,0.0429,-0.014032836915337521,0.03151225960375925,0.020499999999999997,12.036,0.026259073757150198,0.0
2006-02,-0.003,-0.0040999999999999995,-0.0031,-0.0181,0.0034000000000000002,0.52,0.04018789144050117,0.004712108559498836,0.0449,-0.0033131567775281923,0.031563845050215145,-0.09947368421052633,12.471052631578948,0.024194801632455576,0.0
2006-03,0.0147,0.0339,0.0060999999999999995,0.0125,0.0037,0.3033333333333333,0.0363825363825363,0.009517463617463695,0.045899999999999996,0.002997038208305769,0.03156753192305184,-0.009999999999999998,11.69391304347826,0.017242361205308532,0.0
2006-04,0.0073,-0.0138,0.0226,0.0060999999999999995,0.0036,0.26999999999999996,0.03417918177110302,0.01372081822889698,0.0479,0.0007936835968724854,0.031571218795888534,0.10157894736842105,11.84736842105263,0.02091541760329152,0.0
2006-05,-0.0356,-0.0301,0.023799999999999998,-0.036699999999999997,0.0043,0.07999999999999997,0.03613835828600931,0.013261641713990698,0.049400000000000006,-0.004049533154491858,0.031601935928556535,0.14181818181818182,14.454545454545455,0.021816142662632876,0.0
2006-06,-0.0034999999999999996,-0.0034999999999999996,0.0085,0.0155,0.004,0.053333333333333295,0.03977272727272729,0.010127272727272707,0.0499,0.0033901908901909916,0.031632653061224536,-0.015454545454545453,16.918636363636363,0.021156664964513183,0.0
2006-07,-0.0077,-0.0395,0.0262,-0.0204,0.004,-0.013333333333333369,0.041817243159525175,0.010582756840474827,0.0524,0.007638061388422157,0.031654666235691464,-0.031,15.325999999999999,0.01980338625144462,0.0
2006-08,0.0203,0.009899999999999999,-0.0195,-0.0337,0.0042,-0.07666666666666672,0.041046690610569536,0.011453309389430462,0.0525,0.004908332324560227,0.03167667941015839,-0.026956521739130435,13.351739130434783,0.02251836527383766,0.0
2006-09,0.0184,-0.013000000000000001,0.0006,-0.0098,0.0040999999999999995,-0.02333333333333339,0.03926568077511483,0.013234319224885167,0.0525,-0.0005070464976124622,0.03173076024297661,-0.05,12.1845,0.023669704568583194,0.0
2006-10,0.0322,0.0177,-0.0033,-0.0027,0.0040999999999999995,-0.03333333333333339,0.02012072434607637,0.03237927565392363,0.0525,-0.021696518813448806,0.03167667941015839,-0.06666666666666668,11.306363636363637,0.042159275134967755,0.0
2006-11,0.017,0.0063,0.0004,-0.0103,0.0042,-0.030000000000000044,0.014063284781516971,0.03843671521848303,0.0525,-0.026983405829052565,0.031654666235691464,-0.14523809523809525,10.817619047619049,0.028481025781383007,0.0
2006-12,0.0085,-0.0116,0.0274,0.0078000000000000005,0.004,-0.1266666666666667,0.01968702675416467,0.03271297324583533,0.0524,-0.01957865402095016,0.031632653061224536,-0.10900000000000001,10.9645,0.016621660136106442,0.0
2007-01,0.0138,0.0009,-0.0068000000000000005,0.002,0.0044,0.1333333333333333,0.025239777889954462,0.027260222110045536,0.0525,0.005119053543878094,0.031601935928556535,-0.11666666666666667,11.0425,0.021707334984272686,0.0
2007-02,-0.0196,0.0123,-0.0008,-0.0131,0.0038,0.06333333333333331,0.020757651781234232,0.03184234821876577,0.0526,0.006694366999717261,0.031571218795888534,-0.12631578947368421,11.155263157894737,0.016646656462990128,0.0
2007-03,0.0070999999999999995,0.0009,-0.0088,0.0259,0.0043,0.16666666666666666,0.02420260782347028,0.028397392176529722,0.0526,0.0045155810693056075,0.03156753192305184,-0.009090909090909092,15.162727272727272,0.025793632616832207,0.0
2007-04,0.0349,-0.022099999999999998,-0.0144,-0.0025,0.0044,-0.013333333333333364,0.027981972959439272,0.024518027040560726,0.0525,0.0027421950694848096,0.031563845050215145,0.027619047619047623,12.933000000000002,0.025308035115800154,0.0
2007-05,0.0323,0.0016,-0.0059,-0.0034000000000000002,0.0040999999999999995,0.11666666666666663,0.025929247633283525,0.026570752366716473,0.0525,0.005171595852049293,0.03151225960375925,-0.02,13.297727272727274,0.029076019270608766,0.0
2007-06,-0.0196,0.0073,-0.0105,0.0052,0.004,0.06666666666666664,0.02709885742672613,0.025401142573273867,0.0525,0.0028962496032558516,0.03146067415730336,0.12238095238095237,14.947619047619046,0.029798485426711263,0.0
2007-07,-0.037200000000000004,-0.026600000000000002,-0.0368,0.029500000000000002,0.004,-0.020000000000000035,0.02692765113974227,0.02567234886025773,0.0526,-0.0010543218196970017,0.031392987681061246,0.18523809523809526,17.273333333333333,0.027140344521729087,0.0
2007-08,0.009399999999999999,-0.0011,-0.0187,-0.0001,0.0042,-0.12333333333333336,0.023178905864958077,0.027021094135041918,0.050199999999999995,-0.0027503417683254483,0.031325301204819134,0.3617391304347826,25.02608695652174,0.026434417747193573,0.0
2007-09,0.0322,-0.0225,-0.0217,0.0443,0.0032,-0.1666666666666667,0.01897448478900876,0.030425515210991246,0.049400000000000006,-0.00812437263771737,0.03131676912644987,0.51,22.198947368421056,0.023917510021752353,0.0
2007-10,0.0179,0.0019,-0.0287,0.050300000000000004,0.0032,-0.18666666666666673,0.028338264299802685,0.019261735700197312,0.047599999999999996,0.0014106131600604144,0.03130823704808061,0.56,19.115652173913045,0.027901202497425004,0.0
2007-11,-0.048,-0.0281,-0.0109,0.0109,0.0034000000000000002,-0.1433333333333334,0.03610698365527476,0.008793016344725242,0.0449,0.012928077790316683,0.03131676912644987,0.8119999999999999,25.58238095238095,0.026179282370540014,0.0
2007-12,-0.0087,0.0011,-0.0051,0.06559999999999999,0.0027,-0.1433333333333334,0.04373267326732666,-0.0013326732673266603,0.0424,0.0247581884783179,0.031325301204819134,0.9804999999999999,21.651,0.03208767006142432,0.0
2008-01,-0.0633,-0.0102,0.04,-0.0774,0.0021,-0.2633333333333334,0.04108813392417532,-0.001688133924175321,0.0394,0.012749869624372634,0.031392987681061246,1.2685714285714287,25.816190476190474,0.022029778334589523,1.0
2008-02,-0.030899999999999997,-0.0048,-0.0072,0.0613,0.0013,-0.25000000000000006,0.04294695655165981,-0.01314695655165981,0.0298,0.006839972896385049,0.03146067415730336,1.7645,25.456,0.024141930753466267,1.0
2008-03,-0.009399999999999999,0.0070999999999999995,0.0031,0.0425,0.0017000000000000001,-0.49000000000000005,0.04142959270611968,-0.01532959270611968,0.026099999999999998,-0.0023030805612069827,0.03151225960375925,1.893,27.103500000000004,0.010602796518591306,1.0
2008-04,0.0461,-0.0169,-0.0096,-0.0031,0.0018,-0.6066666666666668,0.03974903550134434,-0.016949035501344346,0.022799999999999997,-0.0013390984228309755,0.031563845050215145,1.627727272727273,21.562727272727273,0.005734255066876637,1.0
2008-05,0.0187,0.0297,-0.015,0.0338,0.0018,-0.7533333333333334,0.039037609759888126,-0.019237609759888127,0.019799999999999998,-0.003909346791771684,0.03156753192305184,1.4342857142857142,18.303333333333335,-0.007427676334748168,1.0
2008-06,-0.0843,0.0115,-0.025099999999999997,0.1272,0.0017000000000000001,-0.7666666666666667,0.04088413823123993,-0.02088413823123993,0.02,-0.0005454544748797474,0.031571218795888534,1.3257142857142856,22.11047619047619,-0.014383086308347726,1.0
2008-07,-0.0075,0.026000000000000002,0.052000000000000005,-0.0507,0.0015,-0.7433333333333335,0.04935966105947864,-0.029259661059478647,0.020099999999999996,0.0096106255581343,0.031601935928556535,1.4345454545454546,24.321818181818184,-0.01724935725071297,1.0
2008-08,0.015300000000000001,0.034,0.0152,-0.045,0.0013,-0.9233333333333335,0.054975120783418374,-0.03497512078341837,0.02,0.01593751102353025,0.031632653061224536,1.4652380952380952,20.695714285714285,-0.019585471027037116,1.0
2008-09,-0.0935,-0.010700000000000001,0.056600000000000004,0.0078000000000000005,0.0015,-1.0633333333333335,0.053080171620912386,-0.03498017162091238,0.0181,0.012196033389672456,0.031654666235691464,1.61,30.23857142857143,-0.036832804845724265,1.0
2008-10,-0.172,-0.0231,-0.0189,0.0784,0.0008,-1.6833333333333336,0.04953319875136075,-0.03983319875136075,0.0097,0.00017353769188210855,0.03167667941015839,2.2018181818181817,61.17739130434782,-0.08130031129578574,1.0
2008-11,-0.0774,-0.0301,-0.0621,0.0726,0.0003,-1.656666666666667,0.03731057889956513,-0.03341057889956513,0.0039000000000000003,-0.017664541883853246,0.03173076024297661,2.3138888888888887,62.66894736842105,-0.06954317961916079,1.0
2008-12,0.0177,0.0352,0.0005,-0.0508,0.0,-2.02,0.010999174706166848,-0.009399174706166847,0.0016,-0.04208099691474554,0.03167667941015839,1.5954545454545455,52.405,-0.08669827230747884,1.0
2009-01,-0.0809,0.0004,-0.11019999999999999,-0.023700000000000002,0.0,-2.0533333333333332,-0.0002222800255385904,0.0017222800255385904,0.0015,-0.04975547877689934,0.031654666235691464,1.7105000000000001,44.683,-0.11276192783181926,1.0
2009-02,-0.1014,0.0014000000000000002,-0.066,0.0436,0.0001,-2.69,-0.0011358601902212717,0.003335860190221272,0.0022,-0.0384464390897864,0.031632653061224536,1.894736842105263,45.57052631578947,-0.13374567704176643,1.0
2009-03,0.0901,-0.001,0.0348,-0.11800000000000001,0.0002,-2.3200000000000003,8.463140671510772e-05,0.0017153685932848922,0.0018,-0.01091454329945174,0.031601935928556535,1.8881818181818182,44.79545454545455,-0.13562730377303278,1.0
2009-04,0.1017,0.054000000000000006,0.0538,-0.3436,0.0001,-2.2100000000000004,-0.004464787676623838,0.005964787676623838,0.0015,-0.004242507651085248,0.031571218795888534,2.0,38.063809523809525,-0.14656035046526472,1.0
2009-05,0.0521,-0.0241,0.0040999999999999995,-0.12539999999999998,0.0,-1.7333333333333336,-0.005763244243767063,0.007563244243767062,0.0018,-0.004627384053545791,0.03156753192305184,2.3635,31.977999999999998,-0.1481395936696125,1.0
2009-06,0.0042,0.0258,-0.0276,0.053899999999999997,0.0001,-1.72,-0.01015761495855172,0.012257614958551719,0.0021,-0.010242246365266827,0.031563845050215145,2.5377272727272726,29.140454545454546,-0.15160361194166794,1.0
2009-07,0.0774,0.0175,0.0489,-0.056100000000000004,0.0001,-1.246666666666667,-0.012291746182109153,0.013891746182109154,0.0016,-0.007826958505485315,0.03151225960375925,2.5431818181818184,26.162727272727274,-0.15282480369076357,0.0
2009-08,0.0333,-0.011200000000000002,0.076,-0.0908,0.0001,-0.6633333333333336,-0.01958761003762277,0.021187610037622772,0.0016,-0.013824365793855709,0.03146067415730336,2.4719047619047623,25.337142857142858,-0.14018720654921957,0.0
2009-09,0.0408,0.024300000000000002,0.0115,-0.0483,0.0001,-0.26333333333333364,-0.014838355663267633,0.016338355663267634,0.0015,-0.004680740704715913,0.031392987681061246,2.4457142857142857,24.92666666666667,-0.11689299172061052,0.0
2009-10,-0.0253,-0.0426,-0.0417,0.0258,0.0,-0.023333333333333622,-0.01377942862886472,0.01497942862886472,0.0012,-0.0014876824467555672,0.031325301204819134,2.4385714285714286,24.252272727272725,-0.06805879122929537,0.0
2009-11,0.056299999999999996,-0.025,-0.0033,0.0039000000000000003,0.0,-0.16666666666666696,-0.002239682942003385,0.0034396829420033845,0.0012,0.017347927095619387,0.03131676912644987,2.599473684210526,23.788999999999998,-0.07474512230012276,0.0
2009-12,0.027999999999999997,0.0601,-0.0011,0.0297,0.0001,-0.14666666666666694,0.019145871744709275,-0.017945871744709276,0.0012,0.03398422740797691,0.03130823704808061,2.7154545454545453,21.239545454545453,-0.0583001235670767,0.0
2010-01,-0.0335,0.0043,0.0033,-0.0529,0.0,-0.1733333333333336,0.028141231232083674,-0.027041231232083674,0.0011,0.041920659860948395,0.03127911852404042,2.8042105263157895,20.643157894736845,-0.02704223119324234,0.0
2010-02,0.0339,0.0118,0.0318,0.037000000000000005,0.0,-0.023333333333333622,0.026211113889767157,-0.024911113889767158,0.0013,0.028450796831770542,0.03125000000000022,2.8342105263157897,22.54,0.0087230439200634,0.0
2010-03,0.063,0.0146,0.0219,0.0356,0.0001,-0.16000000000000028,0.02151336357866529,-0.01991336357866529,0.0016,0.0023674918339560147,0.03122732220609581,2.7686956521739132,17.767391304347825,0.018708182344855606,0.0
2010-04,0.0199,0.0484,0.0296,0.0319,0.0001,0.09666666666666636,0.022861714393279886,-0.020861714393279884,0.002,-0.005279516838803788,0.031204644412191396,2.786363636363636,17.424285714285716,0.04200672107537207,0.0
2010-05,-0.079,0.0013,-0.0248,-0.0018,0.0001,0.1799999999999997,0.022067707525304403,-0.0200677075253044,0.002,-0.004143406364462754,0.031195542545078725,2.5895,31.9295,0.054282103558062955,0.0
2010-06,-0.0556,-0.0179,-0.0473,-0.0271,0.0001,0.39666666666666633,0.020035489292185682,-0.018235489292185682,0.0018,-0.001477874286479608,0.031186440677966054,2.4795454545454545,29.916363636363634,0.0794260960542632,0.0
2010-07,0.0692,0.0022,-0.005,0.0179,0.0001,0.1799999999999997,0.011215605940686268,-0.009415605940686269,0.0018,-0.011646108452593618,0.031104169244092428,2.394761904761905,25.565238095238094,0.08551328146848403,0.0
2010-08,-0.0478,-0.0301,-0.0173,-0.0006,0.0001,0.09333333333333303,0.013407784804821077,-0.011507784804821076,0.0019,-0.008659922720483326,0.0310218978102188,2.178181818181818,24.74590909090909,0.07747013804699288,0.0
2010-09,0.0955,0.0382,-0.0302,0.013500000000000002,0.0001,-0.0600000000000003,0.011501775395112546,-0.009601775395112545,0.0019,-0.008533713897073136,0.03088430176016066,2.1676190476190476,22.517619047619046,0.06968742858593813,0.0
2010-10,0.0387,0.0108,-0.0246,0.015,0.0001,-0.06666666666666697,0.011183122472331775,-0.009283122472331774,0.0019,-3.2483468354493894e-05,0.030746705710102518,2.164,20.37333333333333,0.06346682104150392,0.0
2010-11,0.0059,0.036699999999999997,-0.009000000000000001,0.0271,0.0001,-0.15666666666666695,0.011666951489314625,-0.009766951489314625,0.0019,-0.0017408333155064515,0.030709154018456863,2.309,20.095714285714287,0.05760258506490601,0.0
2010-12,0.0682,0.0072,0.0356,-0.0301,0.0001,-0.16666666666666696,0.01084544776600338,-0.00904544776600338,0.0018,-0.0006563276291091658,0.03067160232681121,2.6727272727272724,17.56954545454545,0.0539500875348351,0.0
2011-01,0.019799999999999998,-0.0229,0.0060999999999999995,-0.003,0.0001,-0.07333333333333363,0.01437793022217937,-0.012677930222179369,0.0017000000000000001,0.0031948077498475946,0.030668635867968197,2.7794999999999996,17.3155,0.05996200467756596,0.0
2011-02,0.0348,0.015,0.0118,0.0189,0.0001,-0.026666666666666963,0.017007834915029774,-0.015407834915029773,0.0016,0.005340883425715148,0.030665669409125185,2.803684210526316,17.43,0.04632504538708293,0.0
2011-03,0.0045000000000000005,0.024900000000000002,-0.0184,0.0342,0.0001,-0.0900000000000003,0.02124898173333145,-0.019848981733331453,0.0014000000000000002,0.010403533967328071,0.030642280958634194,2.7169565217391307,20.723478260869566,0.03827364378514675,0.0
2011-04,0.028999999999999998,-0.0042,-0.024399999999999998,0.0005,0.0,0.016666666666666368,0.02619241510354109,-0.025192415103541088,0.001,0.01181448488136172,0.030618892508143203,2.7205000000000004,16.244,0.04193025357503588,0.0
2011-05,-0.0127,-0.0073,-0.018500000000000003,-0.005699999999999999,0.0,-0.1500000000000003,0.030772344447868694,-0.029872344447868692,0.0009,0.01376450953283892,0.030642280958634194,2.6133333333333333,16.91142857142857,0.03505332834432129,0.0
2011-06,-0.0174,-0.0027,-0.002,0.0182,0.0,-0.13666666666666696,0.034589718808965,-0.033689718808965,0.0009,0.013340737075633546,0.030665669409125185,2.591818181818182,19.153181818181817,0.02248891889831528,0.0
2011-07,-0.0235,-0.011699999999999999,-0.0091,0.002,0.0,-0.2700000000000003,0.03502318150636041,-0.03432318150636041,0.0007000000000000001,0.008830766402819323,0.030668635867968197,2.5965,19.2275,0.023688810428642126,0.0
2011-08,-0.0596,-0.0296,-0.024300000000000002,-0.0026,0.0001,-0.05333333333333363,0.035798809769996165,-0.034798809769996164,0.001,0.005026465322127471,0.03067160232681121,2.072608695652174,35.02913043478261,0.02484132372991299,0.0
2011-09,-0.0758,-0.031200000000000002,-0.015300000000000001,-0.0236,0.0,0.06333333333333305,0.0375499603070808,-0.036749960307080796,0.0008,0.002960241498115801,0.030709154018456863,1.7638095238095237,36.53,0.027992943499441703,0.0
2011-10,0.1133,0.0305,0.0006,-0.014499999999999999,0.0,-0.030000000000000294,0.03812621692818685,-0.03742621692818685,0.0007000000000000001,0.003103035421826439,0.030746705710102518,1.8715,32.829047619047614,0.024123837996766095,0.0
2011-11,-0.0027,-0.0018,-0.0052,0.0385,0.0,-0.03333333333333363,0.035222681306640524,-0.03442268130664052,0.0008,-0.0005761284633556407,0.030759525078985606,1.7600000000000002,31.94190476190476,0.03416215073206175,0.0
2011-12,0.0075,-0.005600000000000001,0.0154,0.0183,0.0,-0.15333333333333363,0.03451432214581729,-0.03381432214581729,0.0007000000000000001,-0.0030356381612635097,0.030772344447868694,1.720952380952381,25.047619047619047,0.03317419578768788,0.0
2012-01,0.050499999999999996,0.020099999999999996,-0.009300000000000001,-0.0801,0.0,0.029999999999999732,0.03062066838419386,-0.029820668384193862,0.0008,-0.00750554854399299,0.030759525078985606,1.7260000000000002,20.228,0.02859134467066693,0.0
2012-02,0.044199999999999996,-0.0184,0.0042,-0.0026,0.0,0.09999999999999971,0.030087663379855023,-0.029087663379855022,0.001,-0.005135017926785501,0.030746705710102518,1.6895,18.4205,0.03691001632410296,0.0
2012-03,0.031200000000000002,-0.0063,0.011899999999999999,0.0132,0.0,0.21666666666666637,0.028981784423473878,-0.02768178442347388,0.0013,-0.005532537722343411,0.030709154018456863,1.8281818181818181,16.167272727272728,0.04439148449901298,0.0
2012-04,-0.0085,-0.0037,-0.0077,0.0378,0.0,-0.006666666666666969,0.025828752813320977,-0.024428752813320978,0.0014000000000000002,-0.0047919155708728844,0.03067160232681121,1.7609523809523808,17.823,0.028286925428470555,0.0
2012-05,-0.0617,0.0012,-0.0095,0.0646,0.0001,-0.1100000000000003,0.022731633741348567,-0.021131633741348566,0.0016,-0.007356029638506456,0.030668635867968197,1.518181818181818,21.001818181818184,0.0390402975636337,0.0
2012-06,0.038900000000000004,0.0072,0.0055000000000000005,-0.0111,0.0,-0.16666666666666696,0.01737942937466075,-0.015779429374660748,0.0016,-0.011602355048813129,0.030665669409125185,1.3304761904761906,21.13095238095238,0.040185114178595605,0.0
2012-07,0.0079,-0.0276,-0.0006,0.03,0.0,-0.14333333333333365,0.01653870448297634,-0.01493870448297634,0.0016,-0.009290048330344636,0.030643168896659523,1.2785714285714287,17.565238095238094,0.037105509068513065,0.0
2012-08,0.0254,0.005,0.0123,-0.023399999999999997,0.0001,-0.256666666666667,0.014175114798464783,-0.012875114798464784,0.0013,-0.008556518942883784,0.03062066838419386,1.4095652173913045,15.689565217391305,0.03418677881567289,0.0
2012-09,0.0273,0.0045000000000000005,0.016200000000000003,-0.011399999999999999,0.0001,-0.3500000000000003,0.016859349154821235,-0.015459349154821235,0.0014000000000000002,-0.0005200802198395138,0.030619780446168532,1.4678947368421054,15.284736842105264,0.02285596731143258,0.0
2012-10,-0.0176,-0.0109,0.0352,0.0008,0.0001,-0.2800000000000003,0.019497168982819613,-0.017897168982819612,0.0016,0.002958464499843272,0.030618892508143203,1.469047619047619,16.276190476190475,0.022951570495009843,0.0
2012-11,0.0078000000000000005,0.006,-0.0086,0.0053,0.0001,-0.27333333333333365,0.021556780595369363,-0.019956780595369362,0.0016,0.00738166579690458,0.0305745774806383,1.386,16.701904761904764,0.019430024786973865,0.0
2012-12,0.0118,0.015,0.0348,-0.0294,0.0001,-0.030000000000000304,0.017960197033926262,-0.01636019703392626,0.0016,0.001100847879105027,0.030530262453133394,1.462,17.307,0.023257536633332743,0.0
2013-01,0.0557,0.0029,0.0101,-0.0179,0.0,0.05333333333333303,0.017595049796895523,-0.016195049796895525,0.0014000000000000002,-0.0019021191859240894,0.03047811297098857,1.6495238095238096,13.505238095238095,0.020268355938483085,0.0
2013-02,0.0128,-0.003,0.0021,0.0124,0.0,0.029999999999999694,0.01684061762098299,-0.01534061762098299,0.0015,-0.004716162974386373,0.030425963488843744,1.7168421052631577,14.072631578947368,0.014467904237824847,0.0
2013-03,0.0404,0.0083,-0.0022,0.0192,0.0,0.013333333333333022,0.020181404902574807,-0.018781404902574808,0.0014000000000000002,0.002221207868648545,0.03041385036548594,1.7015,13.0315,0.015945538776370727,0.0
2013-04,0.015600000000000001,-0.023700000000000002,0.0044,0.0021,0.0,-0.12000000000000033,0.015187472411246183,-0.013687472411246184,0.0015,-0.00240757738564934,0.030401737242128135,1.526818181818182,13.967272727272727,0.02534732272069462,0.0
2013-05,0.027999999999999997,0.017,0.026699999999999998,-0.02,0.0,-0.10666666666666698,0.01138808047576867,-0.010288080475768669,0.0011,-0.00545253714521432,0.03039156028234402,1.6777272727272725,13.493636363636364,0.017145631127746475,0.0
2013-06,-0.012,0.0131,-0.0005,0.0058,0.0,-0.13666666666666696,0.013903888279197085,-0.013003888279197085,0.0009,-0.006277516623377721,0.030381383322559907,1.9665,17.2715,0.015594777439077445,0.0
2013-07,0.0565,0.0181,0.0058,0.0174,0.0,-0.09666666666666697,0.017157935271568725,-0.016257935271568724,0.0009,0.0019704628603225416,0.030351981983860576,2.2413636363636367,13.974545454545455,0.017645800035426706,0.0
2013-08,-0.0271,0.0032,-0.0273,0.0005,0.0,-0.17333333333333364,0.01885471805415806,-0.01805471805415806,0.0008,0.00746663757838939,0.030322580645161246,2.380909090909091,14.21,0.012364196654177428,0.0
2013-09,0.0377,0.028900000000000002,-0.0118,0.0304,0.0,-0.12000000000000031,0.01538809488600279,-0.01458809488600279,0.0008,0.0014842066068057047,0.030287340742748747,2.4055,14.692000000000002,0.022593571227008002,0.0
2013-10,0.0417,-0.015600000000000001,0.012199999999999999,0.0006,0.0,-0.040000000000000306,0.010947341081747997,-0.010047341081747997,0.0009,-0.006210594189820728,0.03025210084033625,2.2804545454545457,15.407826086956522,0.02854766330187619,0.0
2013-11,0.0311,0.0131,0.0019,0.0038,0.0,0.13666666666666638,0.00876799143491147,-0.00796799143491147,0.0008,-0.010086726619246589,0.030244044520463143,2.4147368421052633,12.924000000000001,0.024178437626957816,0.0
2013-12,0.0281,-0.0044,0.0,0.0002,0.0,0.13666666666666638,0.012328701961954458,-0.011428701961954458,0.0009,-0.003059392924048332,0.030235988200590036,2.5619047619047617,14.192380952380953,0.02281966236973343,0.0
2014-01,-0.0332,0.009300000000000001,-0.0199,0.0165,0.0,0.05333333333333306,0.015128383667573297,-0.014428383667573298,0.0007000000000000001,0.004181042585825301,0.030215046580525096,2.4642857142857144,14.24095238095238,0.02245344069429267,0.0
2014-02,0.0466,0.0036,-0.0034999999999999996,0.0215,0.0,-0.1833333333333336,0.01557758795574915,-0.014877587955749151,0.0007000000000000001,0.00680959652083768,0.030194104960460155,2.382631578947368,15.47,0.01856627704298197,0.0
2014-03,0.0043,-0.018600000000000002,0.049,-0.0327,0.0,-0.1366666666666669,0.011204746347724948,-0.010404746347724947,0.0008,-0.0011239556142295104,0.03017058189199473,2.3242857142857143,14.836666666666666,0.02148610089064018,0.0
2014-04,-0.0018,-0.0418,0.012199999999999999,-0.038900000000000004,0.0,0.07333333333333307,0.016126949139408042,-0.015226949139408042,0.0009,0.0009985654718347448,0.030147058823529305,2.288095238095238,14.19809523809524,0.02724108069090181,0.0
2014-05,0.020499999999999997,-0.018500000000000003,-0.001,0.0088,0.0,0.3233333333333331,0.02015125303606169,-0.019251253036061688,0.0009,0.004573665080312539,0.030142848278551848,2.17,12.475238095238096,0.029123215934373725,0.0
2014-06,0.026000000000000002,0.0305,-0.0070999999999999995,0.006500000000000001,0.0,0.21666666666666637,0.02166947687079812,-0.02066947687079812,0.001,0.010464730523073174,0.03013863773357439,2.146190476190476,11.541428571428572,0.03226027611336124,0.0
2014-07,-0.0203,-0.0418,-0.0008,-0.0019,0.0,0.10333333333333306,0.020589816945944195,-0.019689816945944193,0.0009,0.004462867806536153,0.030113150556714707,2.0359090909090907,12.296363636363635,0.03365841732090935,0.0
2014-08,0.0424,0.0040999999999999995,-0.005699999999999999,0.0084,0.0,0.1866666666666664,0.019742378703305974,-0.018842378703305972,0.0009,-0.0004088743327557154,0.030087663379855023,1.9476190476190476,13.491904761904761,0.03917788807990186,0.0
2014-09,-0.0196,-0.0359,-0.0147,0.0064,0.0,0.06999999999999972,0.017150983482969062,-0.01625098348296906,0.0009,-0.004518493387829059,0.03006669256517247,1.9676190476190476,13.466666666666667,0.031253041765382905,0.0
2014-10,0.025099999999999997,0.0405,-0.0163,-0.0027,0.0,0.02666666666666638,0.016840509711232077,-0.015940509711232075,0.0009,-0.003749307234712118,0.030045721750489918,1.8586363636363636,18.058695652173913,0.0289843352202952,0.0
2014-11,0.0256,-0.020499999999999997,-0.0313,0.0069,0.0,-0.06000000000000028,0.016095417021513292,-0.015195417021513292,0.0009,-0.003646961681792682,0.03001215423712944,1.7983333333333331,13.413157894736841,0.029919466037849007,0.0
2014-12,-0.0005,0.0253,0.0212,0.0105,0.0,0.1066666666666664,0.01231524989320798,-0.01111524989320798,0.0012,-0.004835733589761082,0.029978586723768963,1.5718181818181818,16.292272727272728,0.0338610667511996,0.0
2015-01,-0.031,-0.0059,-0.0345,0.037200000000000004,0.0,0.12333333333333306,0.006531213919623191,-0.005431213919623191,0.0011,-0.010309295791608886,0.02995279701151954,1.33,19.1195,0.03170492700276073,0.0
2015-02,0.0613,0.0060999999999999995,-0.0179,-0.028900000000000002,0.0,0.023333333333333057,-0.002299309782054282,0.003399309782054282,0.0011,-0.018394726803567574,0.029927007299270114,1.3563157894736841,15.90421052631579,0.027262407410550527,0.0
2015-03,-0.0111,0.0305,-0.0038,0.027000000000000003,0.0,-0.22666666666666693,-0.0008703146293520536,0.001970314629352054,0.0011,-0.013185564522560034,0.02987578435138938,1.4022727272727273,14.812727272727273,0.0130473816054415,0.0
2015-04,0.0059,-0.029900000000000003,0.018000000000000002,-0.0726,0.0,-0.24333333333333362,-0.00022031284423873476,0.0014203128442387347,0.0012,-0.006751526763861926,0.029824561403508643,1.395,13.494761904761905,-2.7479483621140055e-05,0.0
2015-05,0.0137,0.0095,-0.0111,0.0576,0.0,-0.15666666666666693,-0.0010403098939391064,0.002240309893939106,0.0012,0.0012589998881151754,0.029815410358982386,1.5885,13.3385,-0.0064445725580629665,0.0
2015-06,-0.0152,0.0294,-0.008199999999999999,0.03,0.0,-0.11000000000000028,0.0003503321824429584,0.0009496678175570416,0.0013,0.001220646811795012,0.02980625931445613,1.675,14.339545454545457,-0.01460487812501221,0.0
2015-07,0.015700000000000002,-0.0417,-0.0416,0.1,0.0,-0.16000000000000028,0.001795718097550525,-0.000495718097550525,0.0013,0.0020160309417892597,0.029762257407131565,1.656818181818182,14.352727272727272,-0.021063902272837942,0.0
2015-08,-0.0602,0.0037,0.0275,-0.021400000000000002,0.0,-0.04333333333333363,0.0022568611104094582,-0.000856861110409458,0.0014000000000000002,0.0032971710043485647,0.029718255499807,1.4695238095238095,19.42809523809524,-0.016903126553953207,0.0
2015-09,-0.030600000000000002,-0.0263,0.0055000000000000005,0.0526,0.0,-0.023333333333333633,0.002413037985344868,-0.0010130379853448678,0.0014000000000000002,0.0020627058029019096,0.02969270227957077,1.4595238095238094,24.377142857142857,-0.016854337113987983,0.0
2015-10,0.0775,-0.019,-0.004699999999999999,-0.0329,0.0,-0.016666666666666958,8.842961634170088e-05,0.001111570383658299,0.0012,-0.001707288481208824,0.02966714905933454,1.4252380952380952,16.789545454545454,-0.022407414414912674,0.0
2015-11,0.005699999999999999,0.0358,-0.0043,0.023,0.0,-0.22000000000000028,0.0012761656067050708,-7.616560670507095e-05,0.0012,-0.0009806955037043874,0.029661160736563885,1.378421052631579,16.21,-0.027250660674994598,0.0
2015-12,-0.0215,-0.027999999999999997,-0.025699999999999997,0.0333,0.0001,-0.24666666666666695,0.004363182169185187,-0.001963182169185187,0.0024,0.0019501441838403188,0.02965517241379323,1.26,18.025454545454547,-0.04033068306068888,0.0
2016-01,-0.0574,-0.034,0.0208,0.0149,0.0001,-0.3066666666666669,0.006387247515364791,-0.002987247515364791,0.0034000000000000002,0.00629881789902309,0.02964240102171145,1.1857894736842105,23.717894736842105,-0.04496144811599123,0.0
2016-02,-0.0006,0.0073,-0.0060999999999999995,-0.0434,0.0002,-0.19000000000000028,0.012375025026943876,-0.008575025026943876,0.0038,0.011098859420238805,0.029629629629629672,1.046,22.517,-0.03236256019749162,0.0
2016-03,0.0695,0.0075,0.012199999999999999,-0.0504,0.0002,-0.14666666666666694,0.008472775790126619,-0.004872775790126619,0.0036,0.004109593620941432,0.029593139937967528,1.014090909090909,15.84909090909091,-0.031193297695960798,0.0
2016-04,0.0092,0.0077,0.0322,-0.0599,0.0001,-0.15666666666666695,0.008916160965521946,-0.005216160965521946,0.0037,0.0025289134501571553,0.029556650246305383,1.0371428571428571,14.300476190476191,-0.03515311400177057,0.0
2016-05,0.0178,-0.0018,-0.016200000000000003,0.014499999999999999,0.0001,-0.22000000000000028,0.011726257503534843,-0.008026257503534842,0.0037,-0.0006487675234090329,0.029520339865167333,0.99,14.852857142857141,-0.026579036961380753,0.0
2016-06,-0.0003,0.006,-0.0149,0.0414,0.0002,-0.2600000000000003,0.010784764621246223,-0.006984764621246224,0.0038,0.0023119888311196046,0.029484029484029284,0.9127272727272728,17.774545454545457,-0.02448153056399993,0.0
2016-07,0.0394,0.0245,-0.0124,-0.0339,0.0002,-0.10666666666666692,0.010792865347959424,-0.006892865347959423,0.0039000000000000003,0.0018767043824374774,0.029463934044086537,0.8314999999999999,13.1585,-0.01678117946525337,0.0
2016-08,0.0049,0.011699999999999999,0.0317,-0.0346,0.0002,-0.05666666666666692,0.008683633430518256,-0.004683633430518256,0.004,-0.0030426240730165866,0.02944383860414379,0.8191304347826087,12.399565217391304,-0.02196738284260069,0.0
2016-09,0.0027,0.0208,-0.011899999999999999,0.0022,0.0002,-0.013333333333333605,0.010553158595656864,-0.006553158595656864,0.004,-0.00023160602558935928,0.029419796275398036,0.8595238095238096,14.21952380952381,-0.02164263084601936,0.0
2016-10,-0.020099999999999996,-0.043899999999999995,0.041100000000000005,0.0055000000000000005,0.0002,-0.08666666666666693,0.015486446201652182,-0.011486446201652182,0.004,0.004693580853692758,0.02939575394665228,0.9215,14.585238095238097,-0.019939516469206886,0.0
2016-11,0.048600000000000004,0.055999999999999994,0.08289999999999999,-0.047,0.0001,-0.12666666666666693,0.01685924966243646,-0.01275924966243646,0.0040999999999999995,0.008175616231918204,0.029335781441738984,1.1625,15.236190476190476,-0.015023811304759715,0.0
2016-12,0.0181,0.0014000000000000002,0.0347,-0.0026,0.0003,-0.12666666666666695,0.016843334719788938,-0.011443334719788938,0.0054,0.006290176124132074,0.029275808936825687,1.2952380952380953,12.472380952380954,-0.011862778785850958,0.0
2017-01,0.0194,-0.0116,-0.0276,-0.0092,0.0004,0.029999999999999732,0.020507989115119862,-0.014007989115119862,0.006500000000000001,0.00502154291346768,0.02914066689935202,1.226,11.6085,-0.0002049641716570516,0.0
2017-02,0.0355,-0.0215,-0.015,-0.015300000000000001,0.0004,0.01666666666666639,0.025103933482571117,-0.018503933482571115,0.0066,0.008244683820134657,0.02900552486187835,1.2178947368421054,11.530526315789475,-0.008031281419274894,0.0
2017-03,0.0017000000000000001,0.0113,-0.0333,-0.0096,0.0003,0.05999999999999973,0.028103616813294208,-0.020203616813294207,0.0079,0.01126028209350527,0.028993654642676114,1.168695652173913,11.89782608695652,-0.006864591168616152,0.0
2017-04,0.0108,0.0066,-0.020499999999999997,0.005,0.0005,-0.060000000000000275,0.0244119623655914,-0.015411962365591399,0.009000000000000001,0.0039039732504715374,0.028981784423473878,1.0563157894736843,13.136315789473684,0.007162067590550603,0.0
2017-05,0.010700000000000001,-0.0252,-0.0382,0.015,0.0006,0.08999999999999973,0.02176223471915395,-0.01266223471915395,0.0091,-0.003341698763417167,0.02897968390118466,1.0018181818181817,10.862272727272726,0.013993011097695573,0.0
2017-06,0.0079,0.022099999999999998,0.015,-0.0011,0.0006,0.1266666666666664,0.018563431667619756,-0.008163431667619757,0.0104,-0.009540185145674451,0.028977583378895444,0.8445454545454546,10.513636363636364,0.017500792534729248,0.0
2017-07,0.018799999999999997,-0.014499999999999999,-0.0023,0.016399999999999998,0.0007000000000000001,0.17333333333333303,0.01640565809959127,-0.0049056580995912695,0.0115,-0.00800630426600013,0.028905567574113555,0.9455,10.2645,0.014803308546539107,0.0
2017-08,0.0018,-0.0167,-0.0213,0.0338,0.0009,0.006666666666666386,0.017251073506566073,-0.005651073506566073,0.0116,-0.0045111612125878775,0.028833551769331667,0.8739130434782609,11.975652173913044,0.011187969195710634,0.0
2017-09,0.024900000000000002,0.044500000000000005,0.0315,-0.0134,0.0009,0.0033333333333330525,0.0192812155729698,-0.007781215572969801,0.0115,0.0007177839053500445,0.02877084287031173,0.8175000000000001,10.437999999999999,0.008523014668689877,0.0
2017-10,0.0226,-0.019299999999999998,0.0013,0.0421,0.0009,0.009999999999999712,0.021805652303711787,-0.010305652303711787,0.0115,0.005399994204120517,0.028708133971291794,0.8104761904761905,10.125454545454545,0.010630336308315114,0.0
2017-11,0.031200000000000002,-0.006,-0.0009,-0.009399999999999999,0.0008,0.24333333333333307,0.02020757753132485,-0.00860757753132485,0.0116,0.002956504024758777,0.02870050694313797,0.6566666666666666,10.54047619047619,0.022919955326540453,0.0
2017-12,0.0106,-0.0132,0.0005,-0.015700000000000002,0.0009,0.3166666666666664,0.02172493864295566,-0.008724938642955659,0.013000000000000001,0.002443723069985859,0.02869287991498415,0.5585,10.2645,0.029662701539719283,0.0
2018-01,0.0558,-0.0316,-0.0132,0.0406,0.0011,0.3233333333333331,0.021299307195522532,-0.0071993071955225325,0.0141,-0.0005063451081892545,0.028686784125752096,0.5519047619047619,11.062380952380952,0.02467143465957866,0.0
2018-02,-0.0364,0.0027,-0.011000000000000001,0.036000000000000004,0.0011,0.06666666666666637,0.02151318868063945,-0.007313188680639451,0.014199999999999999,0.0013056111493146005,0.028680688336520044,0.6836842105263158,22.464736842105264,0.027352874765469437,0.0
2018-03,-0.0235,0.0405,-0.0021,-0.012,0.0012,0.14666666666666636,0.02263468931091861,-0.007534689310918609,0.0151,0.0009097506679629497,0.02867949628796085,0.5666666666666667,19.023809523809526,0.033994953469032696,0.0
2018-04,0.0027,0.0109,0.0053,0.0045000000000000005,0.0014000000000000002,0.11666666666666635,0.023309497646499366,-0.006409497646499368,0.0169,0.0020101904509768342,0.028678304239401653,0.4847619047619047,18.267619047619046,0.03224806264183644,0.0
2018-05,0.026600000000000002,0.0524,-0.031400000000000004,0.0391,0.0014000000000000002,0.3266666666666664,0.024709963021052994,-0.007709963021052993,0.017,0.003196774340413544,0.028654080545058802,0.4659090909090909,14.124545454545455,0.03309758614070435,0.0
2018-06,0.0049,0.0111,-0.0233,-0.022799999999999997,0.0014000000000000002,0.12333333333333303,0.02781921607842497,-0.009619216078424968,0.0182,0.005184526767506359,0.02862985685071595,0.379047619047619,13.678095238095239,0.022584201444366236,0.0
2018-07,0.032,-0.0223,0.0049,-0.0143,0.0016,0.1599999999999997,0.028075506935940187,-0.008975506935940188,0.0191,0.00476600928944082,0.028557806986077572,0.28238095238095234,13.147619047619049,0.028410387544831828,0.0
2018-08,0.0345,0.011399999999999999,-0.0391,0.053099999999999994,0.0016,0.043333333333333036,0.02854124785561929,-0.00944124785561929,0.0191,0.0038312848345662953,0.02854124785561929,0.2534782608695652,12.54695652173913,0.032543243815604805,0.0
2018-09,0.0006,-0.0229,-0.016200000000000003,-0.001,0.0015,0.18999999999999972,0.026429238568742575,-0.006929238568742575,0.0195,-0.001389977509682394,0.02851350248852924,0.23631578947368423,12.910526315789474,0.04353587280888749,0.0
2018-10,-0.0765,-0.047,0.0338,-0.0206,0.0019,0.12333333333333306,0.02332055105808828,-0.0014205510580882798,0.0219,-0.004754955877851907,0.028485757121439192,0.2913636363636364,19.35217391304348,0.04313826088176409,0.0
2018-11,0.0171,-0.0073,0.0036,-0.014199999999999999,0.0018,0.03666666666666637,0.02492032470218053,-0.0029203247021805274,0.022000000000000002,-0.00362092315343876,0.028477754005559408,0.258,19.38904761904762,0.02930867401734427,0.0
2018-12,-0.0955,-0.0231,-0.0192,0.0175,0.0019,-0.060000000000000296,0.02147328577667773,0.0012267142233222707,0.0227,-0.004955952792064844,0.028469750889679624,0.1563157894736842,24.953157894736844,0.027666629800210174,0.0
2019-01,0.0837,0.0276,-0.0039000000000000003,-0.086,0.0021,-0.11000000000000028,0.020023809043401064,0.0039761909565989365,0.024,-0.003296742014687215,0.028464686899838054,0.17047619047619048,19.57238095238095,0.025912536810940523,0.0
2019-02,0.0342,0.020499999999999997,-0.026600000000000002,0.0077,0.0018,-0.16000000000000028,0.014875893578291333,0.009124106421708668,0.024,-0.010044431123889197,0.028459622909996485,0.17210526315789473,15.234736842105262,0.01911642232351851,0.0
2019-03,0.011000000000000001,-0.030299999999999997,-0.0414,0.022400000000000003,0.0019,-0.30000000000000027,0.015188615351321877,0.008911384648678123,0.0241,-0.006284670425355854,0.02845418075183126,0.16142857142857142,14.485238095238095,0.011096417703535089,0.0
2019-04,0.0397,-0.0174,0.0213,-0.0291,0.0021,-0.2900000000000003,0.018831863513063984,0.005368136486936015,0.0242,-0.0011919455303370796,0.028448738593666034,0.18761904761904763,12.949047619047619,0.006545559146318158,0.0
2019-05,-0.0692,-0.0126,-0.0245,0.0756,0.0021,-0.3400000000000003,0.020005834702090608,0.003894165297909393,0.0239,0.005129941123799275,0.02844394601640976,0.18863636363636366,16.721818181818183,-0.010247462328067725,0.0
2019-06,0.0699,0.0011,-0.0064,-0.0226,0.0018,-0.196666666666667,0.017959105553606136,0.005840894446393862,0.023799999999999998,0.0027704902022842592,0.028439153439153486,0.26,15.836000000000002,-0.00010156011968476264,0.0
2019-07,0.0123,-0.0196,0.005,0.029300000000000003,0.0019,-0.1500000000000003,0.01671194894390049,0.007288051056099511,0.024,-0.0021199145691634946,0.028426726123793045,0.2240909090909091,13.305909090909092,-0.0073693288629623765,0.0
2019-08,-0.0255,-0.0239,-0.04769999999999999,0.0748,0.0016,-0.1000000000000003,0.01826331335037068,0.0030366866496293193,0.0213,-0.0017425213517199278,0.028414298808432603,0.055,18.97909090909091,-0.013774541767684445,0.0
2019-09,0.0141,-0.0097,0.0676,-0.0674,0.0018,-0.050000000000000294,0.017376412106666406,0.003023587893333596,0.0204,-0.0005826934469397305,0.02841344958951575,0.051500000000000004,15.559000000000001,-0.013396749291328724,0.0
2019-10,0.0207,0.0027,-0.0192,0.0013,0.0015,-0.20666666666666697,0.016844977040391562,0.0014550229596084381,0.0183,0.0001330280964910724,0.028412600370598895,0.15545454545454546,15.466521739130435,-0.01737457300836487,0.0
2019-11,0.0387,0.0072,-0.02,-0.026099999999999998,0.0012,-0.34666666666666696,0.017339736996186295,-0.0018397369961862947,0.0155,-0.0009235763541843856,0.02841084563984486,0.19947368421052633,12.5235,-0.024594751580988228,0.0
2019-12,0.0277,0.0076,0.0173,-0.022400000000000003,0.0014000000000000002,-0.33666666666666695,0.020922903948629168,-0.005422903948629168,0.0155,0.0035464918419627622,0.02840909090909083,0.24952380952380954,13.756666666666666,-0.02047601522464615,0.0
2020-01,-0.0011,-0.031,-0.0622,0.0602,0.0013,-0.3100000000000003,0.023195274699624457,-0.0076952746996244575,0.0155,0.006350297659232895,0.028373677604446756,0.23857142857142857,13.94095238095238,-0.022991807373363926,0.0
2020-02,-0.0815,0.0108,-0.0382,-0.0024,0.0012,-0.1333333333333336,0.02599767976845202,-0.010197679768452018,0.0158,0.008657942772265725,0.028338264299802685,0.1731578947368421,19.628947368421052,-0.02290379015513233,0.0
2020-03,-0.13369999999999999,-0.046900000000000004,-0.1383,0.08199999999999999,0.0012,-0.17666666666666697,0.023413166797595197,-0.0169131667975952,0.006500000000000001,0.0024902628489660295,0.028332505008926367,0.42181818181818187,57.73681818181819,-0.014232217750208775,1.0
2020-04,0.136,0.025,-0.0134,-0.0558,0.0,-1.5200000000000002,0.014940399642909163,-0.014440399642909163,0.0005,-0.008254875056715294,0.02832674571805005,0.43285714285714283,41.453809523809525,-0.053150549643890654,1.0
2020-05,0.0557,0.024,-0.05,0.0015,0.0001,-7.543333333333334,0.003130472940411133,-0.002630472940411133,0.0005,-0.022867206828040887,0.02831431625525138,0.5035000000000001,30.897000000000002,-0.17318282261376305,0.0
2020-06,0.0245,0.026699999999999998,-0.0217,-0.0087,0.0001,-5.980000000000001,0.001982013035848551,-0.0011820130358485511,0.0008,-0.021431153761746646,0.028301886792452713,0.5436363636363637,31.119545454545456,-0.1604773810453941,0.0
2020-07,0.0583,-0.0235,-0.0144,0.07690000000000001,0.0001,-2.4133333333333344,0.007166562831830481,-0.006266562831830481,0.0009,-0.007773836811078683,0.028293109380595483,0.4754545454545455,26.840454545454545,-0.10586064673581452,0.0
2020-08,0.0762,-0.002,-0.0302,0.0043,0.0001,4.573333333333332,0.009968647625897997,-0.008968647625897996,0.001,0.006838174685486864,0.028284331968738252,0.5104761904761905,22.88952380952381,-0.06783544959427434,0.0
2020-09,-0.0364,0.0006,-0.027200000000000002,0.0318,0.0001,3.406666666666666,0.012810698495523853,-0.011910698495523854,0.0009,0.010828685459675302,0.02827760319672945,0.5447619047619048,27.64761904761905,-0.06512241935326724,0.0
2020-10,-0.0208,0.0434,0.0425,-0.031,0.0001,1.4666666666666657,0.013910228912373812,-0.013010228912373812,0.0009,0.006743666080543331,0.02827087442472065,0.6376190476190476,29.438636363636363,-0.061831018547937044,0.0
2020-11,0.1245,0.0581,0.0209,-0.126,0.0001,0.9233333333333321,0.012303863428671624,-0.011403863428671624,0.0009,0.002335215802773627,0.028243048760916656,0.7042105263157895,24.9955,-0.04622683457542831,0.0
2020-12,0.0463,0.0501,-0.0168,-0.0227,0.0001,0.5966666666666655,0.011757452138405844,-0.010857452138405844,0.0009,-0.0010532463571180095,0.028215223097112663,0.7977272727272727,22.37409090909091,-0.04763324870606622,0.0
2021-01,-0.0007000000000000001,0.07139999999999999,0.0322,0.043,0.0,0.6566666666666655,0.013204191315779434,-0.012304191315779435,0.0009,-0.0007060375965943777,0.02820256703817048,0.9500000000000001,24.91,-0.0328150457766595,0.0
2021-02,0.0281,0.0202,0.07200000000000001,-0.0799,0.0,0.6066666666666655,0.013738437137002402,-0.012938437137002401,0.0008,0.0014345737083307775,0.028189910979228294,1.1426315789473684,23.140526315789476,-0.021295843569181794,0.0
2021-03,0.0317,-0.0233,0.0735,-0.061,0.0,-0.1000000000000012,0.016698167791706853,-0.015998167791706853,0.0007000000000000001,0.004940715653301009,0.028165571105655984,1.463913043478261,21.84304347826087,-0.056805772711803426,0.0
2021-04,0.0495,-0.0319,-0.0102,0.0123,0.0,0.4733333333333321,0.026678187820641908,-0.02597818782064191,0.0007000000000000001,0.013473996504862473,0.028141231232083674,1.471818181818182,17.416190476190476,0.010038210492383515,0.0
2021-05,0.003,-0.002,0.0704,0.005600000000000001,0.0,0.22666666666666546,0.04133077115360573,-0.040730771153605724,0.0006,0.027592334016603326,0.028165571105655984,1.466,19.7605,0.1655213518144698,0.0
2021-06,0.0274,0.017,-0.0786,0.0207,0.0,0.9166666666666655,0.04918257089467626,-0.048382570894676256,0.0008,0.032484403102969406,0.028189910979228294,1.3163636363636364,16.956818181818182,0.15673379835366053,0.0
2021-07,0.0134,-0.0393,-0.0179,-0.0217,0.0,0.22666666666666554,0.05295632620349999,-0.05195632620349999,0.001,0.026278138382858085,0.02820256703817048,1.099047619047619,17.603333333333335,0.08958396565691418,0.0
2021-08,0.0294,-0.0032,-0.0023,0.0263,0.0,0.4366666666666655,0.05245169381309234,-0.05155169381309234,0.0009,0.01112092265948661,0.028215223097112663,1.0659090909090911,17.472727272727273,0.054998863464161385,0.0
2021-09,-0.044000000000000004,0.0066,0.0512,0.0143,0.0,0.34666666666666557,0.05152015301793966,-0.05072015301793966,0.0008,0.002337582123263404,0.028243048760916656,1.1338095238095238,19.824761904761903,0.04261168528131454,0.0
2021-10,0.0663,-0.0226,-0.0053,0.0332,0.0,0.19333333333333216,0.05351215590949132,-0.05271215590949132,0.0008,0.0005558297059913286,0.02827087442472065,1.19,17.871428571428574,0.030124970172007215,0.0
2021-11,-0.0158,-0.0131,-0.0037,0.0097,0.0,0.2533333333333322,0.06235042390298062,-0.06155042390298062,0.0008,0.009898730089888286,0.02827760319672945,1.0515,18.50047619047619,0.03562870970876397,0.0
2021-12,0.0323,-0.0163,0.0325,-0.024,0.0001,0.4866666666666655,0.06901970403700863,-0.06821970403700864,0.0008,0.01749955101906897,0.028284331968738252,0.785,21.354545454545455,0.03897545981936834,0.0
2022-01,-0.0616,-0.0593,0.1286,-0.0241,0.0,0.5866666666666654,0.07174340285065539,-0.0709434028506554,0.0008,0.01823124694116407,0.028293109380595483,0.7835,23.181,0.022463731281071153,0.0
2022-02,-0.022799999999999997,0.0216,0.030600000000000002,0.0165,0.0,0.2633333333333322,0.07558805726967832,-0.07478805726967833,0.0008,0.013237633366697699,0.028301886792452713,0.49894736842105264,25.748421052631578,0.013181341030033655,0.0
2022-03,0.0308,-0.0155,-0.019,0.0292,0.0,0.17666666666666553,0.07937278766517819,-0.07737278766517819,0.002,0.010353083628169557,0.02831431625525138,0.21826086956521737,26.968695652173913,0.05429593086433182,0.0
2022-04,-0.0941,-0.013500000000000002,0.061799999999999994,0.0499,0.0,0.26333333333333214,0.08572204966013852,-0.08242204966013852,0.0033,0.01397864680948313,0.02832674571805005,0.20950000000000002,24.3735,0.030544104015221674,0.0
2022-05,-0.0034000000000000002,-0.0184,0.08439999999999999,0.0252,0.0003,0.2766666666666655,0.08231750770777224,-0.07461750770777224,0.0077,0.00672945043809392,0.028332505008926367,0.2814285714285714,29.313636363636363,0.029234354755085068,0.0
2022-06,-0.084,0.0207,-0.06,0.010700000000000001,0.0006,0.006666666666665526,0.08538171195642064,-0.07328171195642064,0.0121,0.006008924291242446,0.028338264299802685,0.14523809523809525,28.23318181818182,0.019110298059100916,0.0
2022-07,0.09570000000000001,0.028399999999999998,-0.0415,-0.0438,0.0008,-0.22000000000000117,0.08979361103105798,-0.07299361103105799,0.0168,0.004071561370919463,0.028373677604446756,-0.13999999999999999,24.995238095238093,0.012217594016755706,0.0
2022-08,-0.0377,0.0141,0.0018,0.0189,0.0019,-0.15333333333333446,0.08462576727730098,-0.06132576727730098,0.0233,0.0023082595695287367,0.02840909090909083,-0.3521739130434782,22.169565217391302,0.00968659945597028,0.0
2022-09,-0.0934,-0.0076,0.0003,0.0371,0.0019,-0.0033333333333344767,0.08222579178218825,-0.05662579178218825,0.0256,-0.003155920174232385,0.02841084563984486,-0.3376190476190476,27.34181818181818,0.010521402147261716,0.0
2022-10,0.0785,0.0001,0.0797,0.0392,0.0023,0.07999999999999886,0.08192106896425821,-0.051121068964258214,0.0308,-0.00787254206679977,0.028412600370598895,-0.3915,30.005714285714287,0.024620187157526008,0.0
2022-11,0.04650000000000001,-0.035699999999999996,0.0148,-0.0171,0.0029,0.026666666666665523,0.07758813957693,-0.039788139576930004,0.0378,-0.007037627700370974,0.02841344958951575,-0.6125,23.29909090909091,0.010648183730078253,0.0
2022-12,-0.0638,-0.0076,0.0134,0.049400000000000006,0.0033,-0.18666666666666779,0.07122856456533988,-0.030228564565339885,0.040999999999999995,-0.010997227216848371,0.028414298808432603,-0.6723809523809524,21.784285714285716,0.0008902953837490735,0.0
2023-01,0.0661,0.0501,-0.0394,-0.16210000000000002,0.0034999999999999996,-0.34000000000000113,0.06404600402357152,-0.020746004023571525,0.0433,-0.01787506494068669,0.028426726123793045,-0.6759999999999999,20.16904761904762,-0.008016099812473643,0.0
2023-02,-0.025699999999999997,0.0105,-0.008,0.0054,0.0034000000000000002,-0.16333333333333452,0.06327178517960097,-0.017571785179600966,0.045700000000000005,-0.014316354397329034,0.028439153439153486,-0.7868421052631579,20.1205,0.003188082918103907,0.0
2023-03,0.0248,-0.0548,-0.09050000000000001,-0.023700000000000002,0.0036,-0.10666666666666785,0.05957820738137087,-0.013078207381370867,0.04650000000000001,-0.011650357183969007,0.02844394601640976,-0.6395652173913043,21.644347826086957,-0.001634816837026265,0.0
2023-04,0.0062,-0.0337,-0.0012,0.0175,0.0034999999999999996,-0.09000000000000118,0.04917719362889961,-0.0008771936288996043,0.0483,-0.014868810394671916,0.028448738593666034,-0.5559999999999999,17.817894736842106,-0.0036512224493961964,0.0
2023-05,0.0034000000000000002,0.016,-0.0779,-0.009000000000000001,0.0036,-0.2666666666666678,0.049500798791243694,0.001099201208756305,0.0506,-0.013770986388357276,0.02845418075183126,-0.5581818181818181,17.63608695652174,-0.001843454258675048,0.0
2023-06,0.0646,0.0149,-0.0013,-0.027000000000000003,0.004,-0.18333333333333449,0.04131851231385042,0.009481487686149578,0.0508,-0.018259695067520454,0.028459622909996485,-0.8914285714285713,14.003181818181817,-0.003995717112307395,0.0
2023-07,0.0321,0.020499999999999997,0.0406,-0.039599999999999996,0.0045000000000000005,-0.18333333333333454,0.03070617072997095,0.020493829270029053,0.0512,-0.018471022898928657,0.028464686899838054,-0.9289999999999999,13.932380952380951,-0.008893464531073647,0.0
2023-08,-0.0236,-0.0313,-0.0115,0.0391,0.0045000000000000005,-0.15333333333333451,0.03287749268428297,0.02042250731571703,0.0533,-0.016623306106960722,0.028469750889679624,-0.7339130434782608,15.85391304347826,-0.0031247838929887584,0.0
2023-09,-0.052300000000000006,-0.025,0.015,0.0027,0.0043,-0.15000000000000122,0.03722504803505289,0.016074951964947112,0.0533,-0.004093464278797532,0.028477754005559408,-0.643,15.173333333333332,-0.0025421306219911566,0.0
2023-10,-0.0315,-0.0387,0.002,0.0169,0.004699999999999999,-0.02333333333333452,0.03687206638119256,0.01642793361880744,0.0533,0.006165895651221609,0.028485757121439192,-0.26952380952380955,18.887727272727272,-0.002672476942852109,0.0
2023-11,0.0888,-0.001,0.0167,0.0253,0.0044,-0.23666666666666783,0.032512659098611785,0.020787340901388215,0.0533,-0.00036483358567118707,0.02851350248852924,-0.3795238095238095,14.01909090909091,-0.007742988102069082,0.0
2023-12,0.048499999999999995,0.06280000000000001,0.0489,-0.0548,0.0043,-0.1333333333333345,0.031333462745911866,0.021966537254088134,0.0533,-0.005891585289141021,0.02854124785561929,-0.437,12.7185,-0.0009043615385835313,0.0
2024-01,0.0073,-0.050499999999999996,-0.023799999999999998,0.0545,0.004699999999999999,-0.1633333333333345,0.033159099427102934,0.020140900572897066,0.0533,-0.003712966954089625,0.02858555235316762,-0.2647619047619048,13.388636363636364,0.008386591076755323,0.0
2024-02,0.0507,-0.0026,-0.034300000000000004,0.0501,0.0042,-0.3200000000000012,0.030883429864855705,0.022416570135144295,0.0533,-0.0016292292337560799,0.02862985685071595,-0.3365,13.980476190476189,-0.012762549126908995,0.0
2024-03,0.028399999999999998,-0.025,0.0416,-0.0032,0.0043,-0.2800000000000012,0.03157074141648697,0.02172925858351303,0.0533,0.00023727867057510288,0.028654080545058802,-0.3795,13.7875,-0.003543266402759926,0.0
2024-04,-0.04650000000000001,-0.023799999999999998,-0.0045000000000000005,-0.0045000000000000005,0.004699999999999999,-0.2833333333333345,0.034868349120836584,0.018431650879163416,0.0533,0.0017092496937336499,0.028678304239401653,-0.33409090909090905,16.137727272727275,-0.00557312624665296,0.0
2024-05,0.0433,0.0053,-0.0131,0.014499999999999999,0.0044,-0.08333333333333452,0.033607951262196734,0.019692048737803267,0.0533,0.0027245213973410287,0.02867949628796085,-0.3740909090909091,13.058695652173913,-0.009971062585799939,0.0
2024-06,0.027999999999999997,-0.03,-0.0336,0.0086,0.0040999999999999995,-0.11666666666666785,0.03244278584003113,0.02085721415996887,0.0533,0.0008720444235441605,0.028680688336520044,-0.431578947368421,12.667,-0.0006499644303002983,0.0
2024-07,0.012199999999999999,0.0681,0.0557,-0.0236,0.0045000000000000005,-0.14666666666666786,0.029702579486470926,0.023597420513529074,0.0533,-0.005165769634365658,0.028686784125752096,-0.24727272727272728,14.373913043478263,0.007734749239909133,0.0
2024-08,0.016,-0.0349,-0.0113,0.0487,0.0048,-0.1500000000000012,0.029414757935583014,0.023885242064416987,0.0533,-0.00419319332661372,0.02869287991498415,-0.09454545454545454,19.312272727272727,-0.009226344732312097,0.0
2024-09,0.0172,-0.0013,-0.0273,-0.005600000000000001,0.004,-0.23000000000000118,0.02607144490692037,0.025228555093079627,0.0513,-0.0063713409331107584,0.028686784125752096,0.101,17.663333333333334,-0.004050008280501727,0.0
2024-10,-0.01,-0.0095,0.0091,0.0292,0.0039000000000000003,-0.2533333333333345,0.024264830315416708,0.024035169684583295,0.0483,-0.005437749171054218,0.028680688336520044,0.12318181818181818,19.960869565217394,-0.012004422838397089,0.0
2024-11,0.0649,0.0449,0.0038,0.009399999999999999,0.004,-0.3100000000000012,0.02578844053871343,0.020611559461286566,0.0464,-0.0036263173968695828,0.02867949628796085,0.09842105263157895,16.015238095238097,-0.009947356843759692,0.0
2024-12,-0.0317,-0.027000000000000003,-0.0297,-0.0034000000000000002,0.0037,-0.3000000000000012,0.02719472461284833,0.017605275387151675,0.044800000000000006,0.0011232797059279598,0.028678304239401653,0.1657142857142857,15.866190476190477,-0.015579409481489392,0.0
2025-01,0.027999999999999997,-0.02,0.0176,0.009899999999999999,0.0037,-0.09333333333333453,0.028706909675099812,0.014593090324900186,0.0433,0.004442079359683104,0.02867949628796085,0.35714285714285715,16.763636363636365,-0.0027414662172438042,0.0
2025-02,-0.024399999999999998,-0.057699999999999994,0.0484,-0.0085,0.0033,-0.07333333333333451,0.029909783078999608,0.01339021692100039,0.0433,0.004121342540286177,0.028680688336520044,0.24105263157894738,16.968,0.00849002693950851,0.0
2025-03,-0.0639,-0.027200000000000002,0.0287,-0.0259,0.0034000000000000002,0.07333333333333215,0.028015834477613355,0.015284165522386643,0.0433,0.0008211098647650239,0.02867949628796085,0.31047619047619046,21.841428571428573,0.008119858403550007,0.0
2025-04,-0.0084,-0.005699999999999999,-0.0329,0.0501,0.0034999999999999996,0.016666666666665487,0.02381981462805549,0.019480185371944507,0.0433,-0.004887095047044321,0.028678304239401653,0.5014285714285714,31.966190476190473,0.005802453773984029,0.0
2025-05,0.060599999999999994,0.0060999999999999995,-0.0281,0.0216,0.0038,0.06333333333333217,0.0232538823025783,0.0200461176974217,0.0433,-0.0066559007764213085,0.028654080545058802,0.5038095238095238,20.46227272727273,0.008823523543694645,0.0
